"load_id","client_name","integration_id","load_code","delivery_date","locality_name","vehicle_name","dock","assembled_percentage","checked_percentage","loaded_percentage","load_status_name","load_weight","vehicle_weight_capacity","vehicle_weight_occupation","returnable_quantity_boxes","mix_quantity_boxes","quantity_boxes","returnable_assembler_quantity","mix_assembler_quantity","checker","checking_time","checker_under_count_error_quantity","checker_over_count_error_quantity","checker_total_error_quantity","checker_2","checking_time_2","checker_2_under_count_error_quantity","checker_2_over_count_error_quantity","checker_2_total_error_quantity","checker_3","checking_time_3","checker_3_under_count_error_quantity","checker_3_over_count_error_quantity","checker_3_total_error_quantity","loading_time","operation_time","created_at","updated_at","checking_time_total"
9000,,"5353219","5353219",2026-06-18,Sorocaba,"000528",,0.0,0.0,0.0,,2036.3700000000003,,,64,237,301,0,0,,,0,0,0,,,,,,,,,,,,,2026-06-19 21:31:51.174 -0300,2026-06-19 21:31:51.174 -0300,0.0
8488,,"5352033","5352033",2026-06-09,Sorocaba,"006935",,0.0,0.0,0.0,,6165.156666666666,,,244,530,773,0,0,,,0,0,0,,,,,,,,,,,,,2026-06-19 21:31:51.174 -0300,2026-06-19 21:31:51.174 -0300,0.0
9001,,"5353220","5353220",2026-06-18,Sorocaba,"000540",,0.0,0.0,0.0,,3405.395,,,180,249,428,0,0,,,0,0,0,,,,,,,,,,,,,2026-06-19 21:31:51.174 -0300,2026-06-19 21:31:51.174 -0300,0.0
9002,,"5353172","5353172",2026-06-18,Sorocaba,"004925",,0.0,0.0,0.0,,8280.130000000001,,,550,470,1020,0,0,,,0,0,0,,,,,,,,,,,,,2026-06-19 21:31:51.174 -0300,2026-06-19 21:31:51.174 -0300,0.0
9003,,"5353173","5353173",2026-06-18,Sorocaba,"005140",,0.0,0.0,0.0,,7439.924999999999,,,471,375,845,0,0,,,0,0,0,,,,,,,,,,,,,2026-06-19 21:31:51.174 -0300,2026-06-19 21:31:51.174 -0300,0.0
8579,,"5352234","5352234",2026-06-10,Sorocaba,"004925",,0.0,0.0,0.0,,8031.25,,,341,1021,1362,0,0,,,0,0,0,,,,,,,,,,,,,2026-06-19 21:31:51.174 -0300,2026-06-19 21:31:51.174 -0300,0.0
9005,,"5353218","5353218",2026-06-18,Sorocaba,"004108",,0.0,0.0,0.0,,12242.720000000001,,,976,,976,0,0,,,0,0,0,,,,,,,,,,,,,2026-06-19 21:31:51.174 -0300,2026-06-19 21:31:51.174 -0300,0.0
9004,,"5353174","5353174",2026-06-18,Sorocaba,"007157",,0.0,0.0,0.0,,6263.235000000001,,,388,412,799,0,0,,,0,0,0,,,,,,,,,,,,,2026-06-19 21:31:51.174 -0300,2026-06-19 21:31:51.174 -0300,0.0
9006,,"5353221","5353221",2026-06-18,Sorocaba,"000542",,0.0,0.0,0.0,,3808.6966666666667,,,201,317,516,0,0,,,0,0,0,,,,,,,,,,,,,2026-06-19 21:31:51.174 -0300,2026-06-19 21:31:51.174 -0300,0.0
8482,,TESTE AGRUPAMENTO,TESTE AGRUPAMENTO,2026-06-08,Sorocaba,EASY1234,,,,,,,1000000.0,,,,,0,0,,,,,,,,,,,,,,,,,,2026-06-19 21:31:51.174 -0300,2026-06-19 21:31:51.174 -0300,0.0
9008,,"5353223","5353223",2026-06-18,Sorocaba,"000554",,0.0,0.0,0.0,,10508.16,,,928,,928,0,0,,,0,0,0,,,,,,,,,,,,,2026-06-19 21:31:51.174 -0300,2026-06-19 21:31:51.174 -0300,0.0
9007,,"5353222","5353222",2026-06-18,Sorocaba,"000548",,0.0,0.0,0.0,,7244.5,,,496,313,809,0,0,,,0,0,0,,,,,,,,,,,,,2026-06-19 21:31:51.174 -0300,2026-06-19 21:31:51.174 -0300,0.0
8494,,"5352040","5352040",2026-06-09,Sorocaba,"000566",,0.0,0.0,0.0,,7684.370000000001,,,518,287,799,0,0,,,0,0,0,,,,,,,,,,,,,2026-06-19 21:31:51.174 -0300,2026-06-19 21:31:51.174 -0300,0.0
9009,,"5353224","5353224",2026-06-18,Sorocaba,"000555",,0.0,0.0,0.0,,4919.429999999999,,,167,1235,1402,0,0,,,0,0,0,,,,,,,,,,,,,2026-06-19 21:31:51.174 -0300,2026-06-19 21:31:51.174 -0300,0.0
8491,,"5352037","5352037",2026-06-09,Sorocaba,"000540",,0.0,0.0,0.0,,8449.06,,,418,598,1016,0,0,,,0,0,0,,,,,,,,,,,,,2026-06-19 21:31:51.174 -0300,2026-06-19 21:31:51.174 -0300,0.0
9010,,"5353225","5353225",2026-06-18,Sorocaba,"000559",,0.0,0.0,0.0,,8901.02,,,600,374,974,0,0,,,0,0,0,,,,,,,,,,,,,2026-06-19 21:31:51.174 -0300,2026-06-19 21:31:51.174 -0300,0.0
9011,,"5353226","5353226",2026-06-18,Sorocaba,"000564",,0.0,0.0,0.0,,2385.9500000000003,,,124,236,360,0,0,,,0,0,0,,,,,,,,,,,,,2026-06-19 21:31:51.174 -0300,2026-06-19 21:31:51.174 -0300,0.0
9012,,"5353227","5353227",2026-06-18,Sorocaba,"000566",,0.0,0.0,0.0,,4605.263333333333,,,249,457,703,0,0,,,0,0,0,,,,,,,,,,,,,2026-06-19 21:31:51.174 -0300,2026-06-19 21:31:51.174 -0300,0.0
8493,,"5352039","5352039",2026-06-09,Sorocaba,"000564",,0.0,0.0,0.0,,7461.660000000001,,,456,385,841,0,0,,,0,0,0,,,,,,,,,,,,,2026-06-19 21:31:51.174 -0300,2026-06-19 21:31:51.174 -0300,0.0
8700,,"5352478","5352478",2026-06-11,Sorocaba,"004001",,0.0,0.0,0.0,,9872.759999999998,,,673,616,1289,0,0,,,0,0,0,,,,,,,,,,,,,2026-06-19 21:31:51.174 -0300,2026-06-19 21:31:51.174 -0300,0.0
8701,,"5352479","5352479",2026-06-11,Sorocaba,"004004",,0.0,0.0,0.0,,15837.649999999996,,,654,2177,2831,0,0,,,0,0,0,,,,,,,,,,,,,2026-06-19 21:31:51.174 -0300,2026-06-19 21:31:51.174 -0300,0.0
8708,,"5352486","5352486",2026-06-11,Sorocaba,"005000",,0.0,0.0,0.0,,27373.020000000008,,,926,5440,6366,0,0,,,0,0,0,,,,,,,,,,,,,2026-06-19 21:31:51.174 -0300,2026-06-19 21:31:51.174 -0300,0.0
8705,,"5352483","5352483",2026-06-11,Sorocaba,"004015",CESARIO 8 ,0.0,0.0,0.0,,17935.260000000002,,,917,1874,2791,0,0,,,0,0,0,,,,,,,,,,,,,2026-06-19 21:31:51.174 -0300,2026-06-19 21:31:51.174 -0300,0.0
8760,,"5352626","5352626",2026-06-12,Sorocaba,"000594",,0.0,0.0,0.0,,3548.64,,,176,283,459,0,0,,,0,0,0,,,,,,,,,,,,,2026-06-19 21:31:51.174 -0300,2026-06-19 21:31:51.174 -0300,0.0
8487,,"5352032","5352032",2026-06-09,Sorocaba,"004885",,0.0,0.0,0.0,,3767.0233333333335,,,164,458,621,0,0,,,0,0,0,,,,,,,,,,,,,2026-06-19 21:31:51.174 -0300,2026-06-19 21:31:51.174 -0300,0.0
9013,,"5353236","5353236",2026-06-17,Sorocaba,"004001",,0.0,0.0,0.0,,8704.970000000001,,,566,726,1292,0,0,,,0,0,0,,,,,,,,,,,,,2026-06-19 21:31:51.174 -0300,2026-06-19 21:31:51.174 -0300,0.0
9016,,"5353239","5353239",2026-06-17,Sorocaba,"004005",,0.0,0.0,0.0,,5078.76,,,298,636,934,0,0,,,0,0,0,,,,,,,,,,,,,2026-06-19 21:31:51.174 -0300,2026-06-19 21:31:51.174 -0300,0.0
8489,,"5352034","5352034",2026-06-09,Sorocaba,"009924",,0.0,0.0,0.0,,5943.029999999999,,,371,379,750,0,0,,,0,0,0,,,,,,,,,,,,,2026-06-19 21:31:51.174 -0300,2026-06-19 21:31:51.174 -0300,0.0
8762,,"5352628","5352628",2026-06-12,Sorocaba,"000596",,0.0,0.0,0.0,,5548.950000000001,,,254,650,904,0,0,,,0,0,0,,,,,,,,,,,,,2026-06-19 21:31:51.174 -0300,2026-06-19 21:31:51.174 -0300,0.0
8492,,"5352038","5352038",2026-06-09,Sorocaba,"000542",,0.0,0.0,0.0,,8501.9,,,662,335,997,0,0,,,0,0,0,,,,,,,,,,,,,2026-06-19 21:31:51.174 -0300,2026-06-19 21:31:51.174 -0300,0.0
8490,,"5352035","5352035",2026-06-09,Sorocaba,"009925",,0.0,0.0,0.0,Sequenciamento,6359.850000000001,,,315,560,875,0,0,,,0,0,0,,,,,,,,,,,,,2026-06-19 21:31:51.174 -0300,2026-06-19 21:31:51.174 -0300,0.0
8586,,"5352240","5352240",2026-06-10,Sorocaba,"007157",,0.0,0.0,0.0,,6373.807500000001,,,415,466,879,0,0,,,0,0,0,,,,,,,,,,,,,2026-06-19 21:31:51.174 -0300,2026-06-19 21:31:51.174 -0300,0.0
8589,,"5352259","5352259",2026-06-10,Sorocaba,"004107",,0.0,0.0,0.0,,8333.829999999998,,,345,1185,1530,0,0,,,0,0,0,,,,,,,,,,,,,2026-06-19 21:31:51.174 -0300,2026-06-19 21:31:51.174 -0300,0.0
8769,,"5352634","5352634",2026-06-13,Sorocaba,"004108",,0.0,0.0,0.0,,10780.0,,,520,1028,1548,0,0,,,0,0,0,,,,,,,,,,,,,2026-06-19 21:31:51.174 -0300,2026-06-19 21:31:51.174 -0300,0.0
8761,,"5352627","5352627",2026-06-12,Sorocaba,"000595",,0.0,0.0,0.0,,4387.700000000001,,,162,543,705,0,0,,,0,0,0,,,,,,,,,,,,,2026-06-19 21:31:51.174 -0300,2026-06-19 21:31:51.174 -0300,0.0
8764,,"5352630","5352630",2026-06-12,Sorocaba,"000620",,0.0,0.0,0.0,,15168.000000000004,,,,4800,4800,0,0,,,0,0,0,,,,,,,,,,,,,2026-06-19 21:31:51.174 -0300,2026-06-19 21:31:51.174 -0300,0.0
8770,,"5352635","5352635",2026-06-13,Sorocaba,"000528",,0.0,0.0,0.0,,3515.6633333333334,,,277,126,399,0,0,,,0,0,0,,,,,,,,,,,,,2026-06-19 21:31:51.174 -0300,2026-06-19 21:31:51.174 -0300,0.0
8771,,"5352636","5352636",2026-06-13,Sorocaba,"000540",,0.0,0.0,0.0,,3325.8900000000003,,,190,223,413,0,0,,,0,0,0,,,,,,,,,,,,,2026-06-19 21:31:51.174 -0300,2026-06-19 21:31:51.174 -0300,0.0
8773,,"5352638","5352638",2026-06-13,Sorocaba,"000548",,0.0,0.0,0.0,,3811.0899999999997,,,219,261,480,0,0,,,0,0,0,,,,,,,,,,,,,2026-06-19 21:31:51.174 -0300,2026-06-19 21:31:51.174 -0300,0.0
8775,,"5352641","5352641",2026-06-13,Sorocaba,"000588",,0.0,0.0,0.0,,7911.82,,,425,652,1077,0,0,,,0,0,0,,,,,,,,,,,,,2026-06-19 21:31:51.174 -0300,2026-06-19 21:31:51.174 -0300,0.0
8495,,"5351840","5351840",2026-06-09,Sorocaba,"006935",,0.0,0.0,0.0,,6911.920000000001,,,311,709,1020,0,0,,,0,0,0,,,,,,,,,,,,,2026-06-19 21:31:51.174 -0300,2026-06-19 21:31:51.174 -0300,0.0
9015,,"5353238","5353238",2026-06-17,Sorocaba,"004003",,0.0,0.0,0.0,,5461.73,,,311,619,930,0,0,,,0,0,0,,,,,,,,,,,,,2026-06-19 21:31:51.174 -0300,2026-06-19 21:31:51.174 -0300,0.0
8585,,"5352233","5352233",2026-06-10,Sorocaba,"003405",,0.0,0.0,0.0,,838.9133333333333,,,28,130,157,0,0,,,0,0,0,,,,,,,,,,,,,2026-06-19 21:31:51.174 -0300,2026-06-19 21:31:51.174 -0300,0.0
9014,,"5353237","5353237",2026-06-17,Sorocaba,"004002",,0.0,0.0,0.0,,16770.730000000003,,,1406,1499,2905,0,0,,,0,0,0,,,,,,,,,,,,,2026-06-19 21:31:51.174 -0300,2026-06-19 21:31:51.174 -0300,0.0
8581,,"5352237","5352237",2026-06-10,Sorocaba,"006495",,0.0,0.0,0.0,,8179.700000000001,,,538,709,1247,0,0,,,0,0,0,,,,,,,,,,,,,2026-06-19 21:31:51.174 -0300,2026-06-19 21:31:51.174 -0300,0.0
8763,,"5352629","5352629",2026-06-12,Sorocaba,"000608",,0.0,0.0,0.0,,11475.08,,,878,852,1730,0,0,,,0,0,0,,,,,,,,,,,,,2026-06-19 21:31:51.174 -0300,2026-06-19 21:31:51.174 -0300,0.0
8497,,"5352042","5352042",2026-06-09,Sorocaba,"003405",,0.0,0.0,0.0,,757.79,,,18,156,174,0,0,,,0,0,0,,,,,,,,,,,,,2026-06-19 21:31:51.174 -0300,2026-06-19 21:31:51.174 -0300,0.0
8498,,"5352043","5352043",2026-06-09,Sorocaba,"004885",,0.0,0.0,0.0,,3837.5599999999995,,,480,303,783,0,0,,,0,0,0,,,,,,,,,,,,,2026-06-19 21:31:51.174 -0300,2026-06-19 21:31:51.174 -0300,0.0
8881,,"5352874","5352874",2026-06-16,Sorocaba,"000622",,0.0,0.0,0.0,,15876.21,,,1211,,1211,0,0,,,0,0,0,,,,,,,,,,,,,2026-06-19 21:31:51.174 -0300,2026-06-19 21:31:51.174 -0300,0.0
8902,,"5352985","5352985",2026-06-16,Sorocaba,"006975",,0.0,0.0,0.0,,8974.01,,,488,943,1431,0,0,,,0,0,0,,,,,,,,,,,,,2026-06-19 21:31:51.174 -0300,2026-06-19 21:31:51.174 -0300,0.0
8499,,"5352044","5352044",2026-06-09,Sorocaba,"004925",,0.0,0.0,0.0,,8569.43,,,409,523,930,0,0,,,0,0,0,,,,,,,,,,,,,2026-06-19 21:31:51.174 -0300,2026-06-19 21:31:51.174 -0300,0.0
9017,,"5353240","5353240",2026-06-17,Sorocaba,"004006",,0.0,0.0,0.0,,6208.3,,,453,268,721,0,0,,,0,0,0,,,,,,,,,,,,,2026-06-19 21:31:51.174 -0300,2026-06-19 21:31:51.174 -0300,0.0
8956,,"5353055","5353055",2026-06-17,Sorocaba,"004035",,0.0,0.0,0.0,,6515.25,,,531,492,1023,0,0,,,0,0,0,,,,,,,,,,,,,2026-06-19 21:31:51.174 -0300,2026-06-19 21:31:51.174 -0300,0.0
9018,,"5353241","5353241",2026-06-17,Sorocaba,"004007",,0.0,0.0,0.0,,6461.89,,,333,652,985,0,0,,,0,0,0,,,,,,,,,,,,,2026-06-19 21:31:51.174 -0300,2026-06-19 21:31:51.174 -0300,0.0
9025,,"5353248","5353248",2026-06-17,Sorocaba,"004032",,0.0,0.0,0.0,,5735.860000000001,,,284,823,1107,0,0,,,0,0,0,,,,,,,,,,,,,2026-06-19 21:31:51.174 -0300,2026-06-19 21:31:51.174 -0300,0.0
8641,,"5352242","5352242",2026-06-11,Sorocaba,"009924",,0.0,0.0,0.0,,6207.514999999999,,,370,459,828,0,0,,,0,0,0,,,,,,,,,,,,,2026-06-19 21:31:51.174 -0300,2026-06-19 21:31:51.174 -0300,0.0
8649,,"5352293","5352293",2026-06-11,Sorocaba,"000559",,0.0,0.0,0.0,,11234.07,,,994,320,1314,0,0,,,0,0,0,,,,,,,,,,,,,2026-06-19 21:31:51.174 -0300,2026-06-19 21:31:51.174 -0300,0.0
9023,,"5353246","5353246",2026-06-17,Sorocaba,"004023",,0.0,0.0,0.0,,4105.94,,,370,247,617,0,0,,,0,0,0,,,,,,,,,,,,,2026-06-19 21:31:51.174 -0300,2026-06-19 21:31:51.174 -0300,0.0
8595,,"5352265","5352265",2026-06-10,Sorocaba,"000559",,0.0,0.0,0.0,,6499.84,,,375,422,791,0,0,,,0,0,0,,,,,,,,,,,,,2026-06-19 21:31:51.174 -0300,2026-06-19 21:31:51.174 -0300,0.0
8496,,"5352041","5352041",2026-06-09,Sorocaba,"003405",,0.0,0.0,0.0,,5802.82,,,321,599,920,0,0,,,0,0,0,,,,,,,,,,,,,2026-06-19 21:31:51.174 -0300,2026-06-19 21:31:51.174 -0300,0.0
9020,,"5353243","5353243",2026-06-17,Sorocaba,"004010",,0.0,0.0,0.0,,10083.69,,,715,482,1197,0,0,,,0,0,0,,,,,,,,,,,,,2026-06-19 21:31:51.174 -0300,2026-06-19 21:31:51.174 -0300,0.0
8602,,"5352274","5352274",2026-06-10,Sorocaba,"000580",,0.0,0.0,0.0,,5436.12,,,391,307,696,0,0,,,0,0,0,,,,,,,,,,,,,2026-06-19 21:31:51.174 -0300,2026-06-19 21:31:51.174 -0300,0.0
8504,,"5352049","5352049",2026-06-09,Sorocaba,"006975",,0.0,0.0,0.0,,5808.04,,,266,819,1085,0,0,,,0,0,0,,,,,,,,,,,,,2026-06-19 21:31:51.174 -0300,2026-06-19 21:31:51.174 -0300,0.0
9019,,"5353242","5353242",2026-06-17,Sorocaba,"004009",,0.0,0.0,0.0,,3829.64,,,243,470,713,0,0,,,0,0,0,,,,,,,,,,,,,2026-06-19 21:31:51.174 -0300,2026-06-19 21:31:51.174 -0300,0.0
8592,,"5352262","5352262",2026-06-10,Sorocaba,"000554",,0.0,0.0,0.0,,10.6,,,,8,8,0,0,,,0,0,0,,,,,,,,,,,,,2026-06-19 21:31:51.174 -0300,2026-06-19 21:31:51.174 -0300,0.0
8501,,"5352046","5352046",2026-06-09,Sorocaba,"005140",,0.0,0.0,0.0,,8821.01,,,298,1411,1709,0,0,,,0,0,0,,,,,,,,,,,,,2026-06-19 21:31:51.174 -0300,2026-06-19 21:31:51.174 -0300,0.0
8619,,"5352305","5352305",2026-06-10,Sorocaba,"000608",,0.0,0.0,0.0,,13058.94,,,773,1087,1860,0,0,,,0,0,0,,,,,,,,,,,,,2026-06-19 21:31:51.174 -0300,2026-06-19 21:31:51.174 -0300,0.0
8646,,"5352290","5352290",2026-06-11,Sorocaba,"000542",,0.0,0.0,0.0,,6839.24,,,410,512,922,0,0,,,0,0,0,,,,,,,,,,,,,2026-06-19 21:31:51.174 -0300,2026-06-19 21:31:51.174 -0300,0.0
8702,,"5352480","5352480",2026-06-11,Sorocaba,"004006",,0.0,0.0,0.0,,6694.19,,,494,177,671,0,0,,,0,0,0,,,,,,,,,,,,,2026-06-19 21:31:51.174 -0300,2026-06-19 21:31:51.174 -0300,0.0
8703,,"5352481","5352481",2026-06-11,Sorocaba,"004010",,0.0,0.0,0.0,,13208.400000000003,,,1194,1656,2850,0,0,,,0,0,0,,,,,,,,,,,,,2026-06-19 21:31:51.174 -0300,2026-06-19 21:31:51.174 -0300,0.0
8706,,"5352484","5352484",2026-06-11,Sorocaba,"004027",,0.0,0.0,0.0,,9304.3,,,366,1561,1927,0,0,,,0,0,0,,,,,,,,,,,,,2026-06-19 21:31:51.174 -0300,2026-06-19 21:31:51.174 -0300,0.0
8588,,"5352257","5352257",2026-06-10,Sorocaba,"000245",,0.0,0.0,0.0,,3962.113333333333,,,215,335,549,0,0,,,0,0,0,,,,,,,,,,,,,2026-06-19 21:31:51.174 -0300,2026-06-19 21:31:51.174 -0300,0.0
8637,,"5352309","5352309",2026-06-10,Sorocaba,"000620",,0.0,0.0,0.0,,2482.0,,,100,,100,0,0,,,0,0,0,,,,,,,,,,,,,2026-06-19 21:31:51.174 -0300,2026-06-19 21:31:51.174 -0300,0.0
8506,,"5352051","5352051",2026-06-09,Sorocaba,"009924",,0.0,0.0,0.0,,5692.57,,,369,127,496,0,0,,,0,0,0,,,,,,,,,,,,,2026-06-19 21:31:51.174 -0300,2026-06-19 21:31:51.174 -0300,0.0
8846,,"5352820","5352820",2026-06-15,Sorocaba,"000593",,0.0,0.0,0.0,,2379.5,,,123,216,339,0,0,,,0,0,0,,,,,,,,,,,,,2026-06-19 21:31:51.174 -0300,2026-06-19 21:31:51.174 -0300,0.0
9021,,"5353244","5353244",2026-06-17,Sorocaba,"004012",,0.0,0.0,0.0,,5274.04,,,227,860,1087,0,0,,,0,0,0,,,,,,,,,,,,,2026-06-19 21:31:51.174 -0300,2026-06-19 21:31:51.174 -0300,0.0
8503,,"5352048","5352048",2026-06-09,Sorocaba,"006975",,0.0,0.0,0.0,,8011.873333333334,,,381,785,1165,0,0,,,0,0,0,,,,,,,,,,,,,2026-06-19 21:31:51.174 -0300,2026-06-19 21:31:51.174 -0300,0.0
8593,,"5352263","5352263",2026-06-10,Sorocaba,"000555",,0.0,0.0,0.0,,4851.37,,,125,1343,1468,0,0,,,0,0,0,,,,,,,,,,,,,2026-06-19 21:31:51.174 -0300,2026-06-19 21:31:51.174 -0300,0.0
8836,,"5352810","5352810",2026-06-15,Sorocaba,"000244",,0.0,0.0,0.0,,2871.971666666667,,,187,190,376,0,0,,,0,0,0,,,,,,,,,,,,,2026-06-19 21:31:51.174 -0300,2026-06-19 21:31:51.174 -0300,0.0
8500,,"5352045","5352045",2026-06-09,Sorocaba,"005064",,0.0,0.0,0.0,,6787.080000000001,,,396,471,867,0,0,,,0,0,0,,,,,,,,,,,,,2026-06-19 21:31:51.174 -0300,2026-06-19 21:31:51.174 -0300,0.0
8594,,"5352264","5352264",2026-06-10,Sorocaba,"000556",,0.0,0.0,0.0,,5258.116666666667,,,310,238,547,0,0,,,0,0,0,,,,,,,,,,,,,2026-06-19 21:31:51.174 -0300,2026-06-19 21:31:51.174 -0300,0.0
8711,,"5352495","5352495",2026-06-11,Sorocaba,"000639",,0.0,0.0,0.0,,15732.0,,,1200,,1200,0,0,,,0,0,0,,,,,,,,,,,,,2026-06-19 21:31:51.174 -0300,2026-06-19 21:31:51.174 -0300,0.0
8655,,"5352340","5352340",2026-06-11,Sorocaba,"000623",,0.0,0.0,0.0,,35002.69999999999,,,2370,2544,4914,0,0,,,0,0,0,,,,,,,,,,,,,2026-06-19 21:31:51.174 -0300,2026-06-19 21:31:51.174 -0300,0.0
8603,,"5352275","5352275",2026-06-10,Sorocaba,"000582",,0.0,0.0,0.0,,7436.880000000001,,,467,517,984,0,0,,,0,0,0,,,,,,,,,,,,,2026-06-19 21:31:51.174 -0300,2026-06-19 21:31:51.174 -0300,0.0
8713,,"5352494","5352494",2026-06-11,Sorocaba,"000632",,0.0,0.0,0.0,,6242.910000000001,,,586,359,945,0,0,,,0,0,0,,,,,,,,,,,,,2026-06-19 21:31:51.174 -0300,2026-06-19 21:31:51.174 -0300,0.0
8710,,"5352493","5352493",2026-06-11,Sorocaba,"000631",,0.0,0.0,0.0,,12292.560000000001,,,1006,2217,3223,0,0,,,0,0,0,,,,,,,,,,,,,2026-06-19 21:31:51.174 -0300,2026-06-19 21:31:51.174 -0300,0.0
8707,,"5352485","5352485",2026-06-11,Sorocaba,"004034",,0.0,0.0,0.0,,9273.07,,,210,1990,2200,0,0,,,0,0,0,,,,,,,,,,,,,2026-06-19 21:31:51.174 -0300,2026-06-19 21:31:51.174 -0300,0.0
8765,,"5352631","5352631",2026-06-12,Sorocaba,"000540",,0.0,0.0,0.0,,6175.05,,,360,381,741,0,0,,,0,0,0,,,,,,,,,,,,,2026-06-19 21:31:51.174 -0300,2026-06-19 21:31:51.174 -0300,0.0
8712,,"5352496","5352496",2026-06-11,Sorocaba,"000712",,0.0,0.0,0.0,,25920.2,,,1900,320,2220,0,0,,,0,0,0,,,,,,,,,,,,,2026-06-19 21:31:51.174 -0300,2026-06-19 21:31:51.174 -0300,0.0
8844,,"5352818","5352818",2026-06-15,Sorocaba,"000577",,0.0,0.0,0.0,,200.465,,,7,33,39,0,0,,,0,0,0,,,,,,,,,,,,,2026-06-19 21:31:51.174 -0300,2026-06-19 21:31:51.174 -0300,0.0
8845,,"5352819","5352819",2026-06-15,Sorocaba,"000580",,0.0,0.0,0.0,,3338.3600000000006,,,237,168,405,0,0,,,0,0,0,,,,,,,,,,,,,2026-06-19 21:31:51.174 -0300,2026-06-19 21:31:51.174 -0300,0.0
8767,,"5352640","5352640",2026-06-12,Sorocaba,"000573",,0.0,0.0,0.0,,30.54,,,,9,9,0,0,,,0,0,0,,,,,,,,,,,,,2026-06-19 21:31:51.174 -0300,2026-06-19 21:31:51.174 -0300,0.0
8843,,"5352817","5352817",2026-06-15,Sorocaba,"000577",,0.0,0.0,0.0,,1895.0900000000001,,,93,114,207,0,0,,,0,0,0,,,,,,,,,,,,,2026-06-19 21:31:51.174 -0300,2026-06-19 21:31:51.174 -0300,0.0
8842,,"5352816","5352816",2026-06-15,Sorocaba,"000573",,0.0,0.0,0.0,,534.1899999999999,,,16,74,90,0,0,,,0,0,0,,,,,,,,,,,,,2026-06-19 21:31:51.174 -0300,2026-06-19 21:31:51.174 -0300,0.0
8887,,"5352970","5352970",2026-06-16,Sorocaba,"004885",,0.0,0.0,0.0,,3751.33,,,129,596,725,0,0,,,0,0,0,,,,,,,,,,,,,2026-06-19 21:31:51.174 -0300,2026-06-19 21:31:51.174 -0300,0.0
8847,,"5352821","5352821",2026-06-15,Sorocaba,"000594",,0.0,0.0,0.0,,2135.4,,,110,216,324,0,0,,,0,0,0,,,,,,,,,,,,,2026-06-19 21:31:51.174 -0300,2026-06-19 21:31:51.174 -0300,0.0
8888,,"5352971","5352971",2026-06-16,Sorocaba,"005140",,0.0,0.0,0.0,,5773.15,,,230,592,822,0,0,,,0,0,0,,,,,,,,,,,,,2026-06-19 21:31:51.174 -0300,2026-06-19 21:31:51.174 -0300,0.0
8890,,"5352973","5352973",2026-06-16,Sorocaba,"009924",,0.0,0.0,0.0,,4649.8,,,232,411,643,0,0,,,0,0,0,,,,,,,,,,,,,2026-06-19 21:31:51.174 -0300,2026-06-19 21:31:51.174 -0300,0.0
8598,,"5352258","5352258",2026-06-10,Sorocaba,"004100",,0.0,0.0,0.0,,5060.79,,,317,258,575,0,0,,,0,0,0,,,,,,,,,,,,,2026-06-19 21:31:51.174 -0300,2026-06-19 21:31:51.174 -0300,0.0
9022,,"5353245","5353245",2026-06-17,Sorocaba,"004014",,0.0,0.0,0.0,,4885.489999999999,,,293,463,756,0,0,,,0,0,0,,,,,,,,,,,,,2026-06-19 21:31:51.174 -0300,2026-06-19 21:31:51.174 -0300,0.0
8605,,"5352277","5352277",2026-06-10,Sorocaba,"000593",,0.0,0.0,0.0,,3038.3,,,87,449,532,0,0,,,0,0,0,,,,,,,,,,,,,2026-06-19 21:31:51.174 -0300,2026-06-19 21:31:51.174 -0300,0.0
9028,,"5353251","5353251",2026-06-17,Sorocaba,"000608",,0.0,0.0,0.0,,3651.47,,,264,58,322,0,0,,,0,0,0,,,,,,,,,,,,,2026-06-19 21:31:51.174 -0300,2026-06-19 21:31:51.174 -0300,0.0
8584,,"5352239","5352239",2026-06-10,Sorocaba,"006975",,0.0,0.0,0.0,,8795.715,,,574,325,898,0,0,,,0,0,0,,,,,,,,,,,,,2026-06-19 21:31:51.174 -0300,2026-06-19 21:31:51.174 -0300,0.0
8601,,"5352273","5352273",2026-06-10,Sorocaba,"000579",,0.0,0.0,0.0,,1790.9300000000003,,,37,247,284,0,0,,,0,0,0,,,,,,,,,,,,,2026-06-19 21:31:51.174 -0300,2026-06-19 21:31:51.174 -0300,0.0
8628,,"5352317","5352317",2026-06-10,Sorocaba,"000712",,0.0,0.0,0.0,,35749.2,,,2800,,2800,0,0,,,0,0,0,,,,,,,,,,,,,2026-06-19 21:31:51.174 -0300,2026-06-19 21:31:51.174 -0300,0.0
9030,,"5353253","5353253",2026-06-17,Sorocaba,"000620",,0.0,0.0,0.0,,3919.43,,,255,58,313,0,0,,,0,0,0,,,,,,,,,,,,,2026-06-19 21:31:51.174 -0300,2026-06-19 21:31:51.174 -0300,0.0
9024,,"5353247","5353247",2026-06-17,Sorocaba,"004026",,0.0,0.0,0.0,,8429.960000000001,,,132,1987,2119,0,0,,,0,0,0,,,,,,,,,,,,,2026-06-19 21:31:51.174 -0300,2026-06-19 21:31:51.174 -0300,0.0
8502,,"5352047","5352047",2026-06-09,Sorocaba,"006495",,0.0,0.0,0.0,,8725.603333333333,,,596,587,1181,0,0,,,0,0,0,,,,,,,,,,,,,2026-06-19 21:31:51.174 -0300,2026-06-19 21:31:51.174 -0300,0.0
9031,,"5353254","5353254",2026-06-17,Sorocaba,"000621",,0.0,0.0,0.0,,17089.130000000005,,,983,1543,2526,0,0,,,0,0,0,,,,,,,,,,,,,2026-06-19 21:31:51.174 -0300,2026-06-19 21:31:51.174 -0300,0.0
8640,,"5352241","5352241",2026-06-11,Sorocaba,"007157",,0.0,0.0,0.0,,5932.049999999999,,,243,1161,1404,0,0,,,0,0,0,,,,,,,,,,,,,2026-06-19 21:31:51.174 -0300,2026-06-19 21:31:51.174 -0300,0.0
8604,,"5352276","5352276",2026-06-10,Sorocaba,"000583",,0.0,0.0,0.0,,5678.615000000001,,,276,493,768,0,0,,,0,0,0,,,,,,,,,,,,,2026-06-19 21:31:51.174 -0300,2026-06-19 21:31:51.174 -0300,0.0
8600,,"5352272","5352272",2026-06-10,Sorocaba,"000579",,0.0,0.0,0.0,,3190.9100000000008,,,156,376,532,0,0,,,0,0,0,,,,,,,,,,,,,2026-06-19 21:31:51.174 -0300,2026-06-19 21:31:51.174 -0300,0.0
8709,,"5352492","5352492",2026-06-11,Sorocaba,"000631",,0.0,0.0,0.0,,10791.140000000001,,,659,884,1543,0,0,,,0,0,0,,,,,,,,,,,,,2026-06-19 21:31:51.174 -0300,2026-06-19 21:31:51.174 -0300,0.0
8591,,"5352261","5352261",2026-06-10,Sorocaba,"000548",,0.0,0.0,0.0,,8600.69,,,588,627,1215,0,0,,,0,0,0,,,,,,,,,,,,,2026-06-19 21:31:51.174 -0300,2026-06-19 21:31:51.174 -0300,0.0
8505,,"5352050","5352050",2026-06-09,Sorocaba,"007157",,0.0,0.0,0.0,,6884.838333333333,,,354,536,889,0,0,,,0,0,0,,,,,,,,,,,,,2026-06-19 21:31:51.174 -0300,2026-06-19 21:31:51.174 -0300,0.0
8629,,"5352318","5352318",2026-06-10,Sorocaba,"000712",,0.0,0.0,0.0,,30866.99999999999,,,5660,,5660,0,0,,,0,0,0,,,,,,,,,,,,,2026-06-19 21:31:51.174 -0300,2026-06-19 21:31:51.174 -0300,0.0
8597,,"5352269","5352269",2026-06-10,Sorocaba,"000575",,0.0,0.0,0.0,,2005.9300000000003,,,72,182,254,0,0,,,0,0,0,,,,,,,,,,,,,2026-06-19 21:31:51.174 -0300,2026-06-19 21:31:51.174 -0300,0.0
8766,,"5352632","5352632",2026-06-12,Sorocaba,"000540",,0.0,0.0,0.0,,1066.3600000000006,,,37,113,150,0,0,,,0,0,0,,,,,,,,,,,,,2026-06-19 21:31:51.174 -0300,2026-06-19 21:31:51.174 -0300,0.0
8920,,"5353019","5353019",2026-06-16,Sorocaba,"000578",,0.0,0.0,0.0,,6396.156666666667,,,352,643,991,0,0,,,0,0,0,,,,,,,,,,,,,2026-06-19 21:31:51.174 -0300,2026-06-19 21:31:51.174 -0300,0.0
8634,,"5352346","5352346",2026-06-10,Sorocaba,"005005",,0.0,0.0,0.0,,31730.400000000016,,,,14040,14040,0,0,,,0,0,0,,,,,,,,,,,,,2026-06-19 21:31:51.174 -0300,2026-06-19 21:31:51.174 -0300,0.0
8889,,"5352972","5352972",2026-06-16,Sorocaba,"006935",,0.0,0.0,0.0,,6962.3,,,449,149,598,0,0,,,0,0,0,,,,,,,,,,,,,2026-06-19 21:31:51.174 -0300,2026-06-19 21:31:51.174 -0300,0.0
8838,,"5352813","5352813",2026-06-15,Sorocaba,"000542",,0.0,0.0,0.0,,4430.493333333333,,,227,126,351,0,0,,,0,0,0,,,,,,,,,,,,,2026-06-19 21:31:51.174 -0300,2026-06-19 21:31:51.174 -0300,0.0
8839,,"5352814","5352814",2026-06-15,Sorocaba,"000548",,0.0,0.0,0.0,,2595.6100000000006,,,108,289,397,0,0,,,0,0,0,,,,,,,,,,,,,2026-06-19 21:31:51.174 -0300,2026-06-19 21:31:51.174 -0300,0.0
8837,,"5352812","5352812",2026-06-15,Sorocaba,"000528",,0.0,0.0,0.0,,1032.7099999999998,,,38,137,175,0,0,,,0,0,0,,,,,,,,,,,,,2026-06-19 21:31:51.174 -0300,2026-06-19 21:31:51.174 -0300,0.0
8840,,"5352811","5352811",2026-06-15,Sorocaba,"004101",,0.0,0.0,0.0,,3812.76,,,241,459,700,0,0,,,0,0,0,,,,,,,,,,,,,2026-06-19 21:31:51.174 -0300,2026-06-19 21:31:51.174 -0300,0.0
8848,,"5352822","5352822",2026-06-15,Sorocaba,"000595",,0.0,0.0,0.0,,2444.08,,,120,211,331,0,0,,,0,0,0,,,,,,,,,,,,,2026-06-19 21:31:51.174 -0300,2026-06-19 21:31:51.174 -0300,0.0
8923,,"5353022","5353022",2026-06-16,Sorocaba,"000583",,0.0,0.0,0.0,,8294.83,,,515,617,1132,0,0,,,0,0,0,,,,,,,,,,,,,2026-06-19 21:31:51.174 -0300,2026-06-19 21:31:51.174 -0300,0.0
8841,,"5352815","5352815",2026-06-15,Sorocaba,"000573",,0.0,0.0,0.0,,3331.8500000000004,,,197,178,373,0,0,,,0,0,0,,,,,,,,,,,,,2026-06-19 21:31:51.174 -0300,2026-06-19 21:31:51.174 -0300,0.0
8891,,"5352974","5352974",2026-06-16,Sorocaba,"009925",,0.0,0.0,0.0,,4804.01,,,266,387,653,0,0,,,0,0,0,,,,,,,,,,,,,2026-06-19 21:31:51.174 -0300,2026-06-19 21:31:51.174 -0300,0.0
8903,,"5352986","5352986",2026-06-16,Sorocaba,"006975",,0.0,0.0,0.0,,4038.92,,,279,386,663,0,0,,,0,0,0,,,,,,,,,,,,,2026-06-19 21:31:51.174 -0300,2026-06-19 21:31:51.174 -0300,0.0
8926,,"5353025","5353025",2026-06-16,Sorocaba,"000594",,0.0,0.0,0.0,,4657.6900000000005,,,173,620,793,0,0,,,0,0,0,,,,,,,,,,,,,2026-06-19 21:31:51.174 -0300,2026-06-19 21:31:51.174 -0300,0.0
8925,,"5353024","5353024",2026-06-16,Sorocaba,"000593",,0.0,0.0,0.0,,2554.5233333333335,,,127,246,370,0,0,,,0,0,0,,,,,,,,,,,,,2026-06-19 21:31:51.174 -0300,2026-06-19 21:31:51.174 -0300,0.0
8930,,"5353033","5353033",2026-06-16,Sorocaba,"000056",,0.0,0.0,0.0,,115.88000000000001,,,,16,16,0,0,,,0,0,0,,,,,,,,,,,,,2026-06-19 21:31:51.174 -0300,2026-06-19 21:31:51.174 -0300,0.0
8931,,"5353035","5353035",2026-06-16,Sorocaba,"005000",,0.0,0.0,0.0,,31052.16000000001,,,,9072,9072,0,0,,,0,0,0,,,,,,,,,,,,,2026-06-19 21:31:51.174 -0300,2026-06-19 21:31:51.174 -0300,0.0
8932,,"5353036","5353036",2026-06-16,Sorocaba,"005005",,0.0,0.0,0.0,,28689.600000000013,,,800,5760,6560,0,0,,,0,0,0,,,,,,,,,,,,,2026-06-19 21:31:51.174 -0300,2026-06-19 21:31:51.174 -0300,0.0
8516,,"5352077","5352077",2026-06-09,Sorocaba,"000573",,0.0,0.0,0.0,,9218.980833333333,,,446,898,1333,0,0,,,0,0,0,,,,,,,,,,,,,2026-06-19 21:31:51.174 -0300,2026-06-19 21:31:51.174 -0300,0.0
8512,,"5352073","5352073",2026-06-09,Sorocaba,"000556",,0.0,0.0,0.0,,7631.4433333333345,,,322,893,1213,0,0,,,0,0,0,,,,,,,,,,,,,2026-06-19 21:31:51.174 -0300,2026-06-19 21:31:51.174 -0300,0.0
8510,,"5352071","5352071",2026-06-09,Sorocaba,"000548",,0.0,0.0,0.0,,9622.939999999999,,,641,501,1142,0,0,,,0,0,0,,,,,,,,,,,,,2026-06-19 21:31:51.174 -0300,2026-06-19 21:31:51.174 -0300,0.0
8507,,"5352067","5352067",2026-06-09,Sorocaba,"000244",,0.0,0.0,0.0,,4147.13,,,216,466,682,0,0,,,0,0,0,,,,,,,,,,,,,2026-06-19 21:31:51.174 -0300,2026-06-19 21:31:51.174 -0300,0.0
8514,,"5352075","5352075",2026-06-09,Sorocaba,"000569",,0.0,0.0,0.0,,7251.78,,,507,491,998,0,0,,,0,0,0,,,,,,,,,,,,,2026-06-19 21:31:51.174 -0300,2026-06-19 21:31:51.174 -0300,0.0
8521,,"5352082","5352082",2026-06-09,Sorocaba,"000579",,0.0,0.0,0.0,,9749.840000000002,,,526,1050,1574,0,0,,,0,0,0,,,,,,,,,,,,,2026-06-19 21:31:51.174 -0300,2026-06-19 21:31:51.174 -0300,0.0
8596,,"5352266","5352266",2026-06-10,Sorocaba,"000565",,0.0,0.0,0.0,,4965.4800000000005,,,249,409,658,0,0,,,0,0,0,,,,,,,,,,,,,2026-06-19 21:31:51.174 -0300,2026-06-19 21:31:51.174 -0300,0.0
8509,,"5352070","5352070",2026-06-09,Sorocaba,"000528",,0.0,0.0,0.0,,2701.0800000000004,,,156,163,319,0,0,,,0,0,0,,,,,,,,,,,,,2026-06-19 21:31:51.174 -0300,2026-06-19 21:31:51.174 -0300,0.0
8519,,"5352080","5352080",2026-06-09,Sorocaba,"000575",,0.0,0.0,0.0,,5723.488333333333,,,283,534,814,0,0,,,0,0,0,,,,,,,,,,,,,2026-06-19 21:31:51.174 -0300,2026-06-19 21:31:51.174 -0300,0.0
8518,,"5352079","5352079",2026-06-09,Sorocaba,"000574",,0.0,0.0,0.0,,1606.9700000000007,,,61,146,207,0,0,,,0,0,0,,,,,,,,,,,,,2026-06-19 21:31:51.174 -0300,2026-06-19 21:31:51.174 -0300,0.0
8768,,"5352633","5352633",2026-06-13,Sorocaba,"000244",,0.0,0.0,0.0,,5017.58,,,369,203,572,0,0,,,0,0,0,,,,,,,,,,,,,2026-06-19 21:31:51.174 -0300,2026-06-19 21:31:51.174 -0300,0.0
8772,,"5352637","5352637",2026-06-13,Sorocaba,"000542",,0.0,0.0,0.0,,3819.535,,,239,187,425,0,0,,,0,0,0,,,,,,,,,,,,,2026-06-19 21:31:51.174 -0300,2026-06-19 21:31:51.174 -0300,0.0
8636,,"5352304","5352304",2026-06-10,Sorocaba,"000588",,0.0,0.0,0.0,,2800.33,,,75,566,641,0,0,,,0,0,0,,,,,,,,,,,,,2026-06-19 21:31:51.174 -0300,2026-06-19 21:31:51.174 -0300,0.0
8977,,"5353185","5353185",2026-06-17,Sorocaba,"000244",,0.0,0.0,0.0,,3246.7499999999995,,,92,527,619,0,0,,,0,0,0,,,,,,,,,,,,,2026-06-19 21:31:51.174 -0300,2026-06-19 21:31:51.174 -0300,0.0
8894,,"5352977","5352977",2026-06-16,Sorocaba,"000575",,0.0,0.0,0.0,,4067.2250000000004,,,201,385,584,0,0,,,0,0,0,,,,,,,,,,,,,2026-06-19 21:31:51.174 -0300,2026-06-19 21:31:51.174 -0300,0.0
8922,,"5353021","5353021",2026-06-16,Sorocaba,"000582",,0.0,0.0,0.0,,6466.0,,,546,322,868,0,0,,,0,0,0,,,,,,,,,,,,,2026-06-19 21:31:51.174 -0300,2026-06-19 21:31:51.174 -0300,0.0
8892,,"5352975","5352975",2026-06-16,Sorocaba,"000566",,0.0,0.0,0.0,,4482.99,,,238,331,569,0,0,,,0,0,0,,,,,,,,,,,,,2026-06-19 21:31:51.174 -0300,2026-06-19 21:31:51.174 -0300,0.0
8774,,"5352639","5352639",2026-06-13,Sorocaba,"000556",,0.0,0.0,0.0,,3721.4800000000005,,,203,266,469,0,0,,,0,0,0,,,,,,,,,,,,,2026-06-19 21:31:51.174 -0300,2026-06-19 21:31:51.174 -0300,0.0
8961,,"5353155","5353155",2026-06-17,Sorocaba,"000623",,0.0,0.0,0.0,,18354.0,,,1400,,1400,0,0,,,0,0,0,,,,,,,,,,,,,2026-06-19 21:31:51.174 -0300,2026-06-19 21:31:51.174 -0300,0.0
8978,,"5353186","5353186",2026-06-17,Sorocaba,"004100",,0.0,0.0,0.0,,6139.74,,,334,382,716,0,0,,,0,0,0,,,,,,,,,,,,,2026-06-19 21:31:51.174 -0300,2026-06-19 21:31:51.174 -0300,0.0
8979,,"5353187","5353187",2026-06-17,Sorocaba,"004104",,0.0,0.0,0.0,,5754.920000000001,,,231,783,1014,0,0,,,0,0,0,,,,,,,,,,,,,2026-06-19 21:31:51.174 -0300,2026-06-19 21:31:51.174 -0300,0.0
8980,,"5353188","5353188",2026-06-17,Sorocaba,"004107",,0.0,0.0,0.0,,7606.860000000001,,,530,447,977,0,0,,,0,0,0,,,,,,,,,,,,,2026-06-19 21:31:51.174 -0300,2026-06-19 21:31:51.174 -0300,0.0
8981,,"5353189","5353189",2026-06-17,Sorocaba,"004108",,0.0,0.0,0.0,,9632.210000000001,,,385,1600,1985,0,0,,,0,0,0,,,,,,,,,,,,,2026-06-19 21:31:51.174 -0300,2026-06-19 21:31:51.174 -0300,0.0
8610,,"5352268","5352268",2026-06-10,Sorocaba,"000575",,0.0,0.0,0.0,,13807.553333333333,,,750,1050,1798,0,0,,,0,0,0,,,,,,,,,,,,,2026-06-19 21:31:51.174 -0300,2026-06-19 21:31:51.174 -0300,0.0
8599,,"5352271","5352271",2026-06-10,Sorocaba,"000578",,0.0,0.0,0.0,,5912.58,,,288,868,1156,0,0,,,0,0,0,,,,,,,,,,,,,2026-06-19 21:31:51.174 -0300,2026-06-19 21:31:51.174 -0300,0.0
8606,,"5352278","5352278",2026-06-10,Sorocaba,"000594",,0.0,0.0,0.0,,4337.02,,,172,574,746,0,0,,,0,0,0,,,,,,,,,,,,,2026-06-19 21:31:51.174 -0300,2026-06-19 21:31:51.174 -0300,0.0
8612,,"5352296","5352296",2026-06-10,Sorocaba,"004000",,0.0,0.0,0.0,,19383.89,,,1035,1946,2981,0,0,,,0,0,0,,,,,,,,,,,,,2026-06-19 21:31:51.174 -0300,2026-06-19 21:31:51.174 -0300,0.0
8508,,"5352068","5352068",2026-06-09,Sorocaba,"004107",,0.0,0.0,0.0,,8772.76,,,,2298,2298,0,0,,,0,0,0,,,,,,,,,,,,,2026-06-19 21:31:51.174 -0300,2026-06-19 21:31:51.174 -0300,0.0
8782,,"5352653","5352653",2026-06-12,Sorocaba,"004019",,0.0,0.0,0.0,,1361.56,,,65,119,182,0,0,,,0,0,0,,,,,,,,,,,,,2026-06-19 21:31:51.174 -0300,2026-06-19 21:31:51.174 -0300,0.0
8704,,"5352482","5352482",2026-06-11,Sorocaba,"004011",,0.0,0.0,0.0,Sequenciamento,13434.079999999998,,,996,316,1312,0,0,,,0,0,0,,,,,,,,,,,,,2026-06-19 21:31:51.174 -0300,2026-06-19 21:31:51.174 -0300,0.0
8632,,"5352344","5352344",2026-06-10,Sorocaba,"005005",,0.0,0.0,0.0,,30750.720000000012,,,,6864,6864,0,0,,,0,0,0,,,,,,,,,,,,,2026-06-19 21:31:51.174 -0300,2026-06-19 21:31:51.174 -0300,0.0
8849,,"5352878","5352878",2026-06-13,Sorocaba,"000588",,0.0,0.0,0.0,,4602.2,,,204,501,705,0,0,,,0,0,0,,,,,,,,,,,,,2026-06-19 21:31:51.174 -0300,2026-06-19 21:31:51.174 -0300,0.0
8511,,"5352072","5352072",2026-06-09,Sorocaba,"000554",,0.0,0.0,0.0,,4704.57,,,321,168,489,0,0,,,0,0,0,,,,,,,,,,,,,2026-06-19 21:31:51.174 -0300,2026-06-19 21:31:51.174 -0300,0.0
8780,,"5352651","5352651",2026-06-12,Sorocaba,"004014",,0.0,0.0,0.0,,3582.8100000000004,,,179,492,671,0,0,,,0,0,0,,,,,,,,,,,,,2026-06-19 21:31:51.174 -0300,2026-06-19 21:31:51.174 -0300,0.0
8513,,"5352074","5352074",2026-06-09,Sorocaba,"000565",,0.0,0.0,0.0,,9280.38,,,491,968,1453,0,0,,,0,0,0,,,,,,,,,,,,,2026-06-19 21:31:51.174 -0300,2026-06-19 21:31:51.174 -0300,0.0
8929,,"5353028","5353028",2026-06-16,Sorocaba,"000608",,0.0,0.0,0.0,,11586.190000000002,,,695,803,1498,0,0,,,0,0,0,,,,,,,,,,,,,2026-06-19 21:31:51.174 -0300,2026-06-19 21:31:51.174 -0300,0.0
8933,,"5353037","5353037",2026-06-16,Sorocaba,"005005",,0.0,0.0,0.0,,31795.68000000001,,,300,9810,10110,0,0,,,0,0,0,,,,,,,,,,,,,2026-06-19 21:31:51.174 -0300,2026-06-19 21:31:51.174 -0300,0.0
8776,,"5352647","5352647",2026-06-12,Sorocaba,"004003",,0.0,0.0,0.0,,5147.209999999999,,,366,504,870,0,0,,,0,0,0,,,,,,,,,,,,,2026-06-19 21:31:51.174 -0300,2026-06-19 21:31:51.174 -0300,0.0
8928,,"5353027","5353027",2026-06-16,Sorocaba,"000596",,0.0,0.0,0.0,,3215.076666666667,,,101,447,547,0,0,,,0,0,0,,,,,,,,,,,,,2026-06-19 21:31:51.174 -0300,2026-06-19 21:31:51.174 -0300,0.0
8778,,"5352649","5352649",2026-06-12,Sorocaba,"004011",,0.0,0.0,0.0,,10500.09,,,914,387,1301,0,0,,,0,0,0,,,,,,,,,,,,,2026-06-19 21:31:51.174 -0300,2026-06-19 21:31:51.174 -0300,0.0
8927,,"5353026","5353026",2026-06-16,Sorocaba,"000595",,0.0,0.0,0.0,,3058.3599999999997,,,172,297,469,0,0,,,0,0,0,,,,,,,,,,,,,2026-06-19 21:31:51.174 -0300,2026-06-19 21:31:51.174 -0300,0.0
8893,,"5352976","5352976",2026-06-16,Sorocaba,"000574",,0.0,0.0,0.0,,7726.7699999999995,,,821,260,1081,0,0,,,0,0,0,,,,,,,,,,,,,2026-06-19 21:31:51.174 -0300,2026-06-19 21:31:51.174 -0300,0.0
8904,,"5352987","5352987",2026-06-16,Sorocaba,"007157",,0.0,0.0,0.0,,7334.040000000001,,,455,428,883,0,0,,,0,0,0,,,,,,,,,,,,,2026-06-19 21:31:51.174 -0300,2026-06-19 21:31:51.174 -0300,0.0
8936,,"5353041","5353041",2026-06-16,Sorocaba,"000555",,0.0,0.0,0.0,,9461.76,,,,2112,2112,0,0,,,0,0,0,,,,,,,,,,,,,2026-06-19 21:31:51.174 -0300,2026-06-19 21:31:51.174 -0300,0.0
8934,,"5353038","5353038",2026-06-16,Sorocaba,"005005",,0.0,0.0,0.0,,30750.720000000012,,,,6864,6864,0,0,,,0,0,0,,,,,,,,,,,,,2026-06-19 21:31:51.174 -0300,2026-06-19 21:31:51.174 -0300,0.0
8935,,"5353040","5353040",2026-06-16,Sorocaba,"000555",,0.0,0.0,0.0,,4886.250000000001,,,417,298,715,0,0,,,0,0,0,,,,,,,,,,,,,2026-06-19 21:31:51.174 -0300,2026-06-19 21:31:51.174 -0300,0.0
8937,,"5353042","5353042",2026-06-16,Sorocaba,"000608",,0.0,0.0,0.0,,5950.84,,,393,280,673,0,0,,,0,0,0,,,,,,,,,,,,,2026-06-19 21:31:51.174 -0300,2026-06-19 21:31:51.174 -0300,0.0
8939,,"5353044","5353044",2026-06-16,Sorocaba,"000621",,0.0,0.0,0.0,,4161.280000000001,,,251,292,543,0,0,,,0,0,0,,,,,,,,,,,,,2026-06-19 21:31:51.174 -0300,2026-06-19 21:31:51.174 -0300,0.0
8942,,"5353047","5353047",2026-06-16,Sorocaba,"000623",,0.0,0.0,0.0,,5223.700000000001,,,503,378,881,0,0,,,0,0,0,,,,,,,,,,,,,2026-06-19 21:31:51.174 -0300,2026-06-19 21:31:51.174 -0300,0.0
8943,,"5353048","5353048",2026-06-16,Sorocaba,"000631",,0.0,0.0,0.0,,11845.6,,,390,1929,2319,0,0,,,0,0,0,,,,,,,,,,,,,2026-06-19 21:31:51.174 -0300,2026-06-19 21:31:51.174 -0300,0.0
8418,,"5351752","5351752",2026-06-08,Sorocaba,"000555",CESARIO 1,0.0,0.0,0.0,Sequenciamento,11549.92,,,100,2864,2964,0,0,,,0,0,0,,,,,,,,,,,,,2026-06-19 21:31:51.174 -0300,2026-06-19 21:31:51.174 -0300,0.0
8432,,"5351844","5351844",2026-06-08,Sorocaba,"009924",,0.0,0.0,0.0,,79.6,,,5,3,8,0,0,,,0,0,0,,,,,,,,,,,,,2026-06-19 21:31:51.174 -0300,2026-06-19 21:31:51.174 -0300,0.0
8607,,"5352279","5352279",2026-06-10,Sorocaba,"000595",,0.0,0.0,0.0,,4211.5599999999995,,,169,471,640,0,0,,,0,0,0,,,,,,,,,,,,,2026-06-19 21:31:51.174 -0300,2026-06-19 21:31:51.174 -0300,0.0
9027,,"5353250","5353250",2026-06-17,Sorocaba,"000608",,0.0,0.0,0.0,,8549.5,,,505,847,1352,0,0,,,0,0,0,,,,,,,,,,,,,2026-06-19 21:31:51.174 -0300,2026-06-19 21:31:51.174 -0300,0.0
8421,,"5351833","5351833",2026-06-08,Sorocaba,"003405",,0.0,0.0,0.0,,6852.64,,,476,387,863,0,0,,,0,0,0,,,,,,,,,,,,,2026-06-19 21:31:51.174 -0300,2026-06-19 21:31:51.174 -0300,0.0
8590,,"5352260","5352260",2026-06-10,Sorocaba,"000527",,0.0,0.0,0.0,,11382.94,,,1252,390,1642,0,0,,,0,0,0,,,,,,,,,,,,,2026-06-19 21:31:51.174 -0300,2026-06-19 21:31:51.174 -0300,0.0
8419,,"5351753","5351753",2026-06-08,Sorocaba,"000588",,0.0,0.0,0.0,Sequenciamento,8368.160000000002,,,310,1107,1417,0,0,,,0,0,0,,,,,,,,,,,,,2026-06-19 21:31:51.174 -0300,2026-06-19 21:31:51.174 -0300,0.0
8420,,"5351754","5351754",2026-06-08,Sorocaba,"000632",,0.0,0.0,0.0,,16747.32,,,1138,1422,2560,0,0,,,0,0,0,,,,,,,,,,,,,2026-06-19 21:31:51.174 -0300,2026-06-19 21:31:51.174 -0300,0.0
8520,,"5352081","5352081",2026-06-09,Sorocaba,"000577",,0.0,0.0,0.0,,8969.82,,,548,814,1362,0,0,,,0,0,0,,,,,,,,,,,,,2026-06-19 21:31:51.174 -0300,2026-06-19 21:31:51.174 -0300,0.0
8515,,"5352076","5352076",2026-06-09,Sorocaba,"000569",,0.0,0.0,0.0,,1985.8600000000004,,,51,293,344,0,0,,,0,0,0,,,,,,,,,,,,,2026-06-19 21:31:51.174 -0300,2026-06-19 21:31:51.174 -0300,0.0
8517,,"5352078","5352078",2026-06-09,Sorocaba,"000574",,0.0,0.0,0.0,,6605.370000000001,,,363,1144,1507,0,0,,,0,0,0,,,,,,,,,,,,,2026-06-19 21:31:51.174 -0300,2026-06-19 21:31:51.174 -0300,0.0
8422,,"5351834","5351834",2026-06-08,Sorocaba,"004885",,0.0,0.0,0.0,,2884.55,,,147,342,489,0,0,,,0,0,0,,,,,,,,,,,,,2026-06-19 21:31:51.174 -0300,2026-06-19 21:31:51.174 -0300,0.0
8522,,"5352083","5352083",2026-06-09,Sorocaba,"000580",,0.0,0.0,0.0,,8253.635,,,552,545,1096,0,0,,,0,0,0,,,,,,,,,,,,,2026-06-19 21:31:51.174 -0300,2026-06-19 21:31:51.174 -0300,0.0
8431,,"5351843","5351843",2026-06-08,Sorocaba,"007157",,0.0,0.0,0.0,,6791.790000000001,,,436,682,1118,0,0,,,0,0,0,,,,,,,,,,,,,2026-06-19 21:31:51.174 -0300,2026-06-19 21:31:51.174 -0300,0.0
8425,,"5351837","5351837",2026-06-08,Sorocaba,"005140",,0.0,0.0,0.0,,7022.91,,,459,514,973,0,0,,,0,0,0,,,,,,,,,,,,,2026-06-19 21:31:51.174 -0300,2026-06-19 21:31:51.174 -0300,0.0
8429,,"5351841","5351841",2026-06-08,Sorocaba,"009925",,0.0,0.0,0.0,,1854.1200000000001,,,72,95,167,0,0,,,0,0,0,,,,,,,,,,,,,2026-06-19 21:31:51.174 -0300,2026-06-19 21:31:51.174 -0300,0.0
8608,,"5352267","5352267",2026-06-10,Sorocaba,"000573",,0.0,0.0,0.0,,6377.108333333334,,,344,396,739,0,0,,,0,0,0,,,,,,,,,,,,,2026-06-19 21:31:51.174 -0300,2026-06-19 21:31:51.174 -0300,0.0
8423,,"5351835","5351835",2026-06-08,Sorocaba,"004925",,0.0,0.0,0.0,,8361.259999999998,,,546,433,979,0,0,,,0,0,0,,,,,,,,,,,,,2026-06-19 21:31:51.174 -0300,2026-06-19 21:31:51.174 -0300,0.0
8718,,"5352468","5352468",2026-06-12,Sorocaba,"000548",,0.0,0.0,0.0,,10132.6,,,704,368,1072,0,0,,,0,0,0,,,,,,,,,,,,,2026-06-19 21:31:51.174 -0300,2026-06-19 21:31:51.174 -0300,0.0
8426,,"5351838","5351838",2026-06-08,Sorocaba,"000532",,0.0,0.0,0.0,,2019.3200000000002,,,125,124,249,0,0,,,0,0,0,,,,,,,,,,,,,2026-06-19 21:31:51.174 -0300,2026-06-19 21:31:51.174 -0300,0.0
8433,,"5351845","5351845",2026-06-08,Sorocaba,"009924",,0.0,0.0,0.0,,2529.8900000000003,,,124,186,310,0,0,,,0,0,0,,,,,,,,,,,,,2026-06-19 21:31:51.174 -0300,2026-06-19 21:31:51.174 -0300,0.0
8525,,"5352086","5352086",2026-06-09,Sorocaba,"000594",,0.0,0.0,0.0,,5570.3533333333335,,,157,884,1034,0,0,,,0,0,0,,,,,,,,,,,,,2026-06-19 21:31:51.174 -0300,2026-06-19 21:31:51.174 -0300,0.0
8430,,"5351842","5351842",2026-06-08,Sorocaba,"006975",,0.0,0.0,0.0,,4458.71,,,273,264,537,0,0,,,0,0,0,,,,,,,,,,,,,2026-06-19 21:31:51.174 -0300,2026-06-19 21:31:51.174 -0300,0.0
8424,,"5351836","5351836",2026-06-08,Sorocaba,"005064",,0.0,0.0,0.0,,6551.1100000000015,,,501,172,673,0,0,,,0,0,0,,,,,,,,,,,,,2026-06-19 21:31:51.174 -0300,2026-06-19 21:31:51.174 -0300,0.0
8785,,"5352656","5352656",2026-06-12,Sorocaba,"005005",,0.0,0.0,0.0,,30508.24000000001,,,240,6168,6408,0,0,,,0,0,0,,,,,,,,,,,,,2026-06-19 21:31:51.174 -0300,2026-06-19 21:31:51.174 -0300,0.0
8621,,"5352308","5352308",2026-06-10,Sorocaba,"000620",,0.0,0.0,0.0,,14634.29,,,912,1470,2382,0,0,,,0,0,0,,,,,,,,,,,,,2026-06-19 21:31:51.174 -0300,2026-06-19 21:31:51.174 -0300,0.0
8427,,"5351839","5351839",2026-06-08,Sorocaba,"006495",,0.0,0.0,0.0,,7455.84,,,430,707,1137,0,0,,,0,0,0,,,,,,,,,,,,,2026-06-19 21:31:51.174 -0300,2026-06-19 21:31:51.174 -0300,0.0
8529,,"5352090","5352090",2026-06-09,Sorocaba,"000622",,0.0,0.0,0.0,,9297.690000000002,,,603,612,1215,0,0,,,0,0,0,,,,,,,,,,,,,2026-06-19 21:31:51.174 -0300,2026-06-19 21:31:51.174 -0300,0.0
8784,,"5352655","5352655",2026-06-12,Sorocaba,"005002",,0.0,0.0,0.0,,28395.990000000005,,,1043,5641,6684,0,0,,,0,0,0,,,,,,,,,,,,,2026-06-19 21:31:51.174 -0300,2026-06-19 21:31:51.174 -0300,0.0
8528,,"5352089","5352089",2026-06-09,Sorocaba,"000621",,0.0,0.0,0.0,,9553.18,,,647,482,1129,0,0,,,0,0,0,,,,,,,,,,,,,2026-06-19 21:31:51.174 -0300,2026-06-19 21:31:51.174 -0300,0.0
8527,,"5352088","5352088",2026-06-09,Sorocaba,"000596",,0.0,0.0,0.0,,4677.110000000001,,,156,451,607,0,0,,,0,0,0,,,,,,,,,,,,,2026-06-19 21:31:51.174 -0300,2026-06-19 21:31:51.174 -0300,0.0
8716,,"5352421","5352421",2026-06-12,Sorocaba,"009924",,0.0,0.0,0.0,,5652.4400000000005,,,369,377,746,0,0,,,0,0,0,,,,,,,,,,,,,2026-06-19 21:31:51.174 -0300,2026-06-19 21:31:51.174 -0300,0.0
8783,,"5352654","5352654",2026-06-12,Sorocaba,"004028",,0.0,0.0,0.0,,1975.9300000000003,,,110,157,267,0,0,,,0,0,0,,,,,,,,,,,,,2026-06-19 21:31:51.174 -0300,2026-06-19 21:31:51.174 -0300,0.0
8781,,"5352652","5352652",2026-06-12,Sorocaba,"004016",,0.0,0.0,0.0,,3361.68,,,200,313,513,0,0,,,0,0,0,,,,,,,,,,,,,2026-06-19 21:31:51.174 -0300,2026-06-19 21:31:51.174 -0300,0.0
8777,,"5352648","5352648",2026-06-12,Sorocaba,"004007",,0.0,0.0,0.0,,5895.79,,,264,690,954,0,0,,,0,0,0,,,,,,,,,,,,,2026-06-19 21:31:51.174 -0300,2026-06-19 21:31:51.174 -0300,0.0
8714,,"5352419","5352419",2026-06-12,Sorocaba,"004925",,0.0,0.0,0.0,,9056.529999999999,,,571,704,1275,0,0,,,0,0,0,,,,,,,,,,,,,2026-06-19 21:31:51.174 -0300,2026-06-19 21:31:51.174 -0300,0.0
8779,,"5352650","5352650",2026-06-12,Sorocaba,"004013",,0.0,0.0,0.0,,16179.200000000004,,,,5120,5120,0,0,,,0,0,0,,,,,,,,,,,,,2026-06-19 21:31:51.174 -0300,2026-06-19 21:31:51.174 -0300,0.0
8786,,"5352657","5352657",2026-06-12,Sorocaba,"000555",,0.0,0.0,0.0,,402.0,,,,150,150,0,0,,,0,0,0,,,,,,,,,,,,,2026-06-19 21:31:51.174 -0300,2026-06-19 21:31:51.174 -0300,0.0
8787,,"5352658","5352658",2026-06-12,Sorocaba,"000608",,0.0,0.0,0.0,,9973.65,,,724,597,1321,0,0,,,0,0,0,,,,,,,,,,,,,2026-06-19 21:31:51.174 -0300,2026-06-19 21:31:51.174 -0300,0.0
8850,,"5352849","5352849",2026-06-15,Sorocaba,"000555",,0.0,0.0,0.0,,7866.0,,,600,,600,0,0,,,0,0,0,,,,,,,,,,,,,2026-06-19 21:31:51.174 -0300,2026-06-19 21:31:51.174 -0300,0.0
8441,,"5351875","5351875",2026-06-08,Sorocaba,"000564",,0.0,0.0,0.0,,2792.13,,,163,219,382,0,0,,,0,0,0,,,,,,,,,,,,,2026-06-19 21:31:51.174 -0300,2026-06-19 21:31:51.174 -0300,0.0
8438,,"5351872","5351872",2026-06-08,Sorocaba,"000559",,0.0,0.0,0.0,,3841.4,,,214,213,427,0,0,,,0,0,0,,,,,,,,,,,,,2026-06-19 21:31:51.174 -0300,2026-06-19 21:31:51.174 -0300,0.0
8526,,"5352087","5352087",2026-06-09,Sorocaba,"000595",,0.0,0.0,0.0,,3092.4800000000005,,,55,531,584,0,0,,,0,0,0,,,,,,,,,,,,,2026-06-19 21:31:51.174 -0300,2026-06-19 21:31:51.174 -0300,0.0
8439,,"5351873","5351873",2026-06-08,Sorocaba,"000559",,0.0,0.0,0.0,,944.3200000000002,,,26,125,151,0,0,,,0,0,0,,,,,,,,,,,,,2026-06-19 21:31:51.174 -0300,2026-06-19 21:31:51.174 -0300,0.0
8450,,"5351884","5351884",2026-06-08,Sorocaba,"000580",,0.0,0.0,0.0,,4026.4300000000003,,,297,45,342,0,0,,,0,0,0,,,,,,,,,,,,,2026-06-19 21:31:51.174 -0300,2026-06-19 21:31:51.174 -0300,0.0
8436,,"5351870","5351870",2026-06-08,Sorocaba,"000548",,0.0,0.0,0.0,,9738.929999999998,,,1515,106,1621,0,0,,,0,0,0,,,,,,,,,,,,,2026-06-19 21:31:51.174 -0300,2026-06-19 21:31:51.174 -0300,0.0
8434,,"5351868","5351868",2026-06-08,Sorocaba,"000244",,0.0,0.0,0.0,,2504.3900000000003,,,148,231,379,0,0,,,0,0,0,,,,,,,,,,,,,2026-06-19 21:31:51.174 -0300,2026-06-19 21:31:51.174 -0300,0.0
8448,,"5351882","5351882",2026-06-08,Sorocaba,"000575",,0.0,0.0,0.0,,2865.92,,,120,233,353,0,0,,,0,0,0,,,,,,,,,,,,,2026-06-19 21:31:51.174 -0300,2026-06-19 21:31:51.174 -0300,0.0
8442,,"5351876","5351876",2026-06-08,Sorocaba,"000565",,0.0,0.0,0.0,,6700.56,,,498,180,678,0,0,,,0,0,0,,,,,,,,,,,,,2026-06-19 21:31:51.174 -0300,2026-06-19 21:31:51.174 -0300,0.0
8440,,"5351874","5351874",2026-06-08,Sorocaba,"000563",,0.0,0.0,0.0,,5854.32,,,372,277,649,0,0,,,0,0,0,,,,,,,,,,,,,2026-06-19 21:31:51.174 -0300,2026-06-19 21:31:51.174 -0300,0.0
8437,,"5351871","5351871",2026-06-08,Sorocaba,"000554",,0.0,0.0,0.0,,4302.263333333334,,,194,426,619,0,0,,,0,0,0,,,,,,,,,,,,,2026-06-19 21:31:51.174 -0300,2026-06-19 21:31:51.174 -0300,0.0
8435,,"5351869","5351869",2026-06-08,Sorocaba,"004108",,0.0,0.0,0.0,,10697.939999999999,,,729,435,1164,0,0,,,0,0,0,,,,,,,,,,,,,2026-06-19 21:31:51.174 -0300,2026-06-19 21:31:51.174 -0300,0.0
8452,,"5351886","5351886",2026-06-08,Sorocaba,"000594",,0.0,0.0,0.0,,4832.845000000001,,,386,379,762,0,0,,,0,0,0,,,,,,,,,,,,,2026-06-19 21:31:51.174 -0300,2026-06-19 21:31:51.174 -0300,0.0
8523,,"5352084","5352084",2026-06-09,Sorocaba,"000582",,0.0,0.0,0.0,,3916.3466666666673,,,221,256,468,0,0,,,0,0,0,,,,,,,,,,,,,2026-06-19 21:31:51.174 -0300,2026-06-19 21:31:51.174 -0300,0.0
8449,,"5351883","5351883",2026-06-08,Sorocaba,"000578",,0.0,0.0,0.0,,3021.025,,,170,138,305,0,0,,,0,0,0,,,,,,,,,,,,,2026-06-19 21:31:51.174 -0300,2026-06-19 21:31:51.174 -0300,0.0
8451,,"5351885","5351885",2026-06-08,Sorocaba,"000593",,0.0,0.0,0.0,,4367.9400000000005,,,302,179,481,0,0,,,0,0,0,,,,,,,,,,,,,2026-06-19 21:31:51.174 -0300,2026-06-19 21:31:51.174 -0300,0.0
8447,,"5351881","5351881",2026-06-08,Sorocaba,"000574",,0.0,0.0,0.0,,6751.99,,,478,97,573,0,0,,,0,0,0,,,,,,,,,,,,,2026-06-19 21:31:51.174 -0300,2026-06-19 21:31:51.174 -0300,0.0
8611,,"5352270","5352270",2026-06-10,Sorocaba,"000577",,0.0,0.0,0.0,,8306.451666666668,,,406,665,1070,0,0,,,0,0,0,,,,,,,,,,,,,2026-06-19 21:31:51.174 -0300,2026-06-19 21:31:51.174 -0300,0.0
8715,,"5352420","5352420",2026-06-12,Sorocaba,"007157",,0.0,0.0,0.0,,6868.640000000001,,,399,491,890,0,0,,,0,0,0,,,,,,,,,,,,,2026-06-19 21:31:51.174 -0300,2026-06-19 21:31:51.174 -0300,0.0
8609,,"5352280","5352280",2026-06-10,Sorocaba,"000596",,0.0,0.0,0.0,,4618.716666666666,,,241,429,668,0,0,,,0,0,0,,,,,,,,,,,,,2026-06-19 21:31:51.174 -0300,2026-06-19 21:31:51.174 -0300,0.0
8638,,"5352310","5352310",2026-06-10,Sorocaba,"000621",,0.0,0.0,0.0,,16780.799999999996,,,3840,,3840,0,0,,,0,0,0,,,,,,,,,,,,,2026-06-19 21:31:51.174 -0300,2026-06-19 21:31:51.174 -0300,0.0
8587,,"5352236","5352236",2026-06-10,Sorocaba,"005140",,0.0,0.0,0.0,,5735.2,,,301,598,899,0,0,,,0,0,0,,,,,,,,,,,,,2026-06-19 21:31:51.174 -0300,2026-06-19 21:31:51.174 -0300,0.0
8717,,"5352467","5352467",2026-06-12,Sorocaba,"004107",CESARIO 8 ,10.0,10.0,0.0,Finalizado pelo Operador,9106.78,,,1876,59,1935,0,0,ALMIR ROGERIO FERREIRA DE LIMA,7.15,0,0,0,,,,,,,,,,,,8.63,2026-06-19 21:31:51.174 -0300,2026-06-19 21:31:51.174 -0300,7.15
8789,,"5352660","5352660",2026-06-12,Sorocaba,"000621",,0.0,0.0,0.0,,16067.400000000005,,,300,3840,4140,0,0,,,0,0,0,,,,,,,,,,,,,2026-06-19 21:31:51.174 -0300,2026-06-19 21:31:51.174 -0300,0.0
8788,,"5352659","5352659",2026-06-12,Sorocaba,"000620",,0.0,0.0,0.0,,12134.400000000001,,,,3840,3840,0,0,,,0,0,0,,,,,,,,,,,,,2026-06-19 21:31:51.174 -0300,2026-06-19 21:31:51.174 -0300,0.0
8790,,"5352661","5352661",2026-06-12,Sorocaba,"000622",,0.0,0.0,0.0,,16094.849999999999,,,1281,1887,3168,0,0,,,0,0,0,,,,,,,,,,,,,2026-06-19 21:31:51.174 -0300,2026-06-19 21:31:51.174 -0300,0.0
8851,,"5352850","5352850",2026-06-15,Sorocaba,"000555",,0.0,0.0,0.0,,8626.38,,,496,245,741,0,0,,,0,0,0,,,,,,,,,,,,,2026-06-19 21:31:51.174 -0300,2026-06-19 21:31:51.174 -0300,0.0
8852,,"5352851","5352851",2026-06-15,Sorocaba,"000588",,0.0,0.0,0.0,,8358.599999999999,,,600,240,840,0,0,,,0,0,0,,,,,,,,,,,,,2026-06-19 21:31:51.174 -0300,2026-06-19 21:31:51.174 -0300,0.0
8853,,"5352852","5352852",2026-06-15,Sorocaba,"000588",,0.0,0.0,0.0,,3275.9800000000005,,,172,223,395,0,0,,,0,0,0,,,,,,,,,,,,,2026-06-19 21:31:51.174 -0300,2026-06-19 21:31:51.174 -0300,0.0
8443,,"5351877","5351877",2026-06-08,Sorocaba,"000565",,0.0,0.0,0.0,,511.3600000000001,,,5,119,124,0,0,,,0,0,0,,,,,,,,,,,,,2026-06-19 21:31:51.174 -0300,2026-06-19 21:31:51.174 -0300,0.0
8444,,"5351878","5351878",2026-06-08,Sorocaba,"000566",,0.0,0.0,0.0,,3098.2666666666673,,,194,149,339,0,0,,,0,0,0,,,,,,,,,,,,,2026-06-19 21:31:51.174 -0300,2026-06-19 21:31:51.174 -0300,0.0
8614,,"5352299","5352299",2026-06-10,Sorocaba,"004007",,0.0,0.0,0.0,,6122.75,,,324,513,837,0,0,,,0,0,0,,,,,,,,,,,,,2026-06-19 21:31:51.174 -0300,2026-06-19 21:31:51.174 -0300,0.0
8453,,"5351887","5351887",2026-06-08,Sorocaba,"000595",,0.0,0.0,0.0,,4175.77,,,102,733,835,0,0,,,0,0,0,,,,,,,,,,,,,2026-06-19 21:31:51.174 -0300,2026-06-19 21:31:51.174 -0300,0.0
8445,,"5351879","5351879",2026-06-08,Sorocaba,"000569",,0.0,0.0,0.0,,8252.35,,,556,211,767,0,0,,,0,0,0,,,,,,,,,,,,,2026-06-19 21:31:51.174 -0300,2026-06-19 21:31:51.174 -0300,0.0
8446,,"5351880","5351880",2026-06-08,Sorocaba,"000573",,0.0,0.0,0.0,,4865.370000000001,,,237,453,690,0,0,,,0,0,0,,,,,,,,,,,,,2026-06-19 21:31:51.174 -0300,2026-06-19 21:31:51.174 -0300,0.0
8616,,"5352301","5352301",2026-06-10,Sorocaba,"004021",,0.0,0.0,0.0,,8076.9400000000005,,,512,441,953,0,0,,,0,0,0,,,,,,,,,,,,,2026-06-19 21:31:51.174 -0300,2026-06-19 21:31:51.174 -0300,0.0
8524,,"5352085","5352085",2026-06-09,Sorocaba,"000593",,0.0,0.0,0.0,,4298.19,,,245,329,574,0,0,,,0,0,0,,,,,,,,,,,,,2026-06-19 21:31:51.174 -0300,2026-06-19 21:31:51.174 -0300,0.0
8620,,"5352306","5352306",2026-06-10,Sorocaba,"000608",,0.0,0.0,0.0,,606.63,,,60,31,91,0,0,,,0,0,0,,,,,,,,,,,,,2026-06-19 21:31:51.174 -0300,2026-06-19 21:31:51.174 -0300,0.0
8642,,"5352243","5352243",2026-06-11,Sorocaba,"009925",,0.0,0.0,0.0,Sequenciamento,6046.365,,,342,559,899,0,0,,,0,0,0,,,,,,,,,,,,,2026-06-19 21:31:51.174 -0300,2026-06-19 21:31:51.174 -0300,0.0
8661,,"5352411","5352411",2026-06-11,Sorocaba,"004885",,0.0,0.0,0.0,,7606.5,,,494,396,890,0,0,,,0,0,0,,,,,,,,,,,,,2026-06-19 21:31:51.174 -0300,2026-06-19 21:31:51.174 -0300,0.0
8719,,"5352469","5352469",2026-06-12,Sorocaba,"000556",,0.0,0.0,0.0,,5099.6,,,404,408,812,0,0,,,0,0,0,,,,,,,,,,,,,2026-06-19 21:31:51.174 -0300,2026-06-19 21:31:51.174 -0300,0.0
8643,,"5352288","5352288",2026-06-11,Sorocaba,"000528",,0.0,0.0,0.0,Sequenciamento,4928.746666666667,,,218,510,726,0,0,,,0,0,0,,,,,,,,,,,,,2026-06-19 21:31:51.174 -0300,2026-06-19 21:31:51.174 -0300,0.0
8660,,"5352410","5352410",2026-06-11,Sorocaba,"003405",,0.0,0.0,0.0,,673.8300000000002,,,25,73,98,0,0,,,0,0,0,,,,,,,,,,,,,2026-06-19 21:31:51.174 -0300,2026-06-19 21:31:51.174 -0300,0.0
8645,,"5352289","5352289",2026-06-11,Sorocaba,"000540",,0.0,0.0,0.0,Sequenciamento,11303.02,,,1000,934,1934,0,0,,,0,0,0,,,,,,,,,,,,,2026-06-19 21:31:51.174 -0300,2026-06-19 21:31:51.174 -0300,0.0
8648,,"5352292","5352292",2026-06-11,Sorocaba,"000556",,0.0,0.0,0.0,Sequenciamento,7600.44,,,344,902,1242,0,0,,,0,0,0,,,,,,,,,,,,,2026-06-19 21:31:51.174 -0300,2026-06-19 21:31:51.174 -0300,0.0
8791,,"5352662","5352662",2026-06-12,Sorocaba,"000622",,0.0,0.0,0.0,,2219.2,,,160,30,190,0,0,,,0,0,0,,,,,,,,,,,,,2026-06-19 21:31:51.174 -0300,2026-06-19 21:31:51.174 -0300,0.0
8662,,"5352412","5352412",2026-06-11,Sorocaba,"004885",,0.0,0.0,0.0,,2172.52,,,59,301,360,0,0,,,0,0,0,,,,,,,,,,,,,2026-06-19 21:31:51.174 -0300,2026-06-19 21:31:51.174 -0300,0.0
8658,,"5352408","5352408",2026-06-11,Sorocaba,"003405",,0.0,0.0,0.0,,12456.58,,,704,1090,1794,0,0,,,0,0,0,,,,,,,,,,,,,2026-06-19 21:31:51.174 -0300,2026-06-19 21:31:51.174 -0300,0.0
8721,,"5352471","5352471",2026-06-12,Sorocaba,"000565",,0.0,0.0,0.0,,7431.140000000001,,,595,721,1316,0,0,,,0,0,0,,,,,,,,,,,,,2026-06-19 21:31:51.174 -0300,2026-06-19 21:31:51.174 -0300,0.0
8793,,"5352664","5352664",2026-06-12,Sorocaba,"000623",,0.0,0.0,0.0,,4628.83,,,221,702,923,0,0,,,0,0,0,,,,,,,,,,,,,2026-06-19 21:31:51.174 -0300,2026-06-19 21:31:51.174 -0300,0.0
8722,,"5352472","5352472",2026-06-12,Sorocaba,"000573",CESARIO 8,66.67,66.67,0.0,Finalizado pelo Operador,4081.2799999999993,,,238,361,599,0,0,SAMUEL RODRIGUES DE CAMPOS RIBEIRO,63.48,0,0,0,,,,,,,,,,,,8.63,2026-06-19 21:31:51.174 -0300,2026-06-19 21:31:51.174 -0300,63.48
8794,,"5352665","5352665",2026-06-12,Sorocaba,"000631",,0.0,0.0,0.0,,6311.1,,,740,260,1000,0,0,,,0,0,0,,,,,,,,,,,,,2026-06-19 21:31:51.174 -0300,2026-06-19 21:31:51.174 -0300,0.0
8792,,"5352663","5352663",2026-06-12,Sorocaba,"000623",,0.0,0.0,0.0,,19647.29,,,1427,739,2166,0,0,,,0,0,0,,,,,,,,,,,,,2026-06-19 21:31:51.174 -0300,2026-06-19 21:31:51.174 -0300,0.0
8798,,"5352669","5352669",2026-06-12,Sorocaba,"000712",,0.0,0.0,0.0,,32138.459999999995,,,2526,1944,4470,0,0,,,0,0,0,,,,,,,,,,,,,2026-06-19 21:31:51.174 -0300,2026-06-19 21:31:51.174 -0300,0.0
8855,,"5352854","5352854",2026-06-15,Sorocaba,"000608",,0.0,0.0,0.0,,17043.0,,,1300,,1300,0,0,,,0,0,0,,,,,,,,,,,,,2026-06-19 21:31:51.174 -0300,2026-06-19 21:31:51.174 -0300,0.0
8854,,"5352853","5352853",2026-06-15,Sorocaba,"000608",,0.0,0.0,0.0,,15902.43,,,1213,,1213,0,0,,,0,0,0,,,,,,,,,,,,,2026-06-19 21:31:51.174 -0300,2026-06-19 21:31:51.174 -0300,0.0
8856,,"5352855","5352855",2026-06-15,Sorocaba,"000620",,0.0,0.0,0.0,,18354.0,,,1400,,1400,0,0,,,0,0,0,,,,,,,,,,,,,2026-06-19 21:31:51.174 -0300,2026-06-19 21:31:51.174 -0300,0.0
8857,,"5352856","5352856",2026-06-15,Sorocaba,"000620",,0.0,0.0,0.0,,4660.5599999999995,,,312,101,413,0,0,,,0,0,0,,,,,,,,,,,,,2026-06-19 21:31:51.174 -0300,2026-06-19 21:31:51.174 -0300,0.0
8454,,"5351890","5351890",2026-06-08,Sorocaba,"004003",,0.0,0.0,0.0,,6128.93,,,382,421,803,0,0,,,0,0,0,,,,,,,,,,,,,2026-06-19 21:31:51.174 -0300,2026-06-19 21:31:51.174 -0300,0.0
9029,,"5353252","5353252",2026-06-17,Sorocaba,"000620",,0.0,0.0,0.0,,15560.160000000003,,,672,2822,3494,0,0,,,0,0,0,,,,,,,,,,,,,2026-06-19 21:31:51.174 -0300,2026-06-19 21:31:51.174 -0300,0.0
8464,,"5351901","5351901",2026-06-08,Sorocaba,"000555",,0.0,0.0,0.0,,4569.910000000001,,,379,620,999,0,0,,,0,0,0,,,,,,,,,,,,,2026-06-19 21:31:51.174 -0300,2026-06-19 21:31:51.174 -0300,0.0
8530,,"5352092","5352092",2026-06-10,Sorocaba,"000554",,0.0,0.0,0.0,Sequenciamento,10878.43,,,809,233,1038,0,0,,,0,0,0,,,,,,,,,,,,,2026-06-19 21:31:51.174 -0300,2026-06-19 21:31:51.174 -0300,0.0
8455,,"5351891","5351891",2026-06-08,Sorocaba,"004019",,0.0,0.0,0.0,,2503.65,,,55,472,527,0,0,,,0,0,0,,,,,,,,,,,,,2026-06-19 21:31:51.174 -0300,2026-06-19 21:31:51.174 -0300,0.0
8458,,"5351894","5351894",2026-06-08,Sorocaba,"004023",,0.0,0.0,0.0,,4442.57,,,211,659,870,0,0,,,0,0,0,,,,,,,,,,,,,2026-06-19 21:31:51.174 -0300,2026-06-19 21:31:51.174 -0300,0.0
8462,,"5351898","5351898",2026-06-08,Sorocaba,"000517",,0.0,0.0,0.0,,14630.800000000003,,,,4630,4630,0,0,,,0,0,0,,,,,,,,,,,,,2026-06-19 21:31:51.174 -0300,2026-06-19 21:31:51.174 -0300,0.0
8463,,"5351899","5351899",2026-06-08,Sorocaba,"000517",,0.0,0.0,0.0,,2097.6,,,480,,480,0,0,,,0,0,0,,,,,,,,,,,,,2026-06-19 21:31:51.174 -0300,2026-06-19 21:31:51.174 -0300,0.0
8456,,"5351892","5351892",2026-06-08,Sorocaba,"004021",,0.0,0.0,0.0,,8233.12,,,577,369,946,0,0,,,0,0,0,,,,,,,,,,,,,2026-06-19 21:31:51.174 -0300,2026-06-19 21:31:51.174 -0300,0.0
8531,,"5352091","5352091",2026-06-10,Sorocaba,"004108",cesario 7,50.0,50.0,0.0,Finalizado pelo Operador,12454.400000000001,,,502,1949,2451,0,0,SAMUEL RODRIGUES DE CAMPOS RIBEIRO,323.27,0,0,0,,,,,,,,,,,,6.38,2026-06-19 21:31:51.174 -0300,2026-06-19 21:31:51.174 -0300,323.27
8618,,"5352303","5352303",2026-06-10,Sorocaba,"000588",,0.0,0.0,0.0,,11287.49,,,870,1248,2118,0,0,,,0,0,0,,,,,,,,,,,,,2026-06-19 21:31:51.174 -0300,2026-06-19 21:31:51.174 -0300,0.0
8727,,"5352477","5352477",2026-06-12,Sorocaba,"000583",,0.0,0.0,0.0,Sequenciamento,5545.62,,,262,374,636,0,0,,,0,0,0,,,,,,,,,,,,,2026-06-19 21:31:51.174 -0300,2026-06-19 21:31:51.174 -0300,0.0
8730,,"5352501","5352501",2026-06-12,Sorocaba,"000631",,0.0,0.0,0.0,,10490.38,,,516,1357,1873,0,0,,,0,0,0,,,,,,,,,,,,,2026-06-19 21:31:51.174 -0300,2026-06-19 21:31:51.174 -0300,0.0
8720,,"5352470","5352470",2026-06-12,Sorocaba,"000559",,0.0,0.0,0.0,,5637.56,,,341,441,782,0,0,,,0,0,0,,,,,,,,,,,,,2026-06-19 21:31:51.174 -0300,2026-06-19 21:31:51.174 -0300,0.0
8623,,"5352312","5352312",2026-06-10,Sorocaba,"000622",,0.0,0.0,0.0,,19350.48,,,1000,1824,2824,0,0,,,0,0,0,,,,,,,,,,,,,2026-06-19 21:31:51.174 -0300,2026-06-19 21:31:51.174 -0300,0.0
8647,,"5352291","5352291",2026-06-11,Sorocaba,"000548",,0.0,0.0,0.0,Sequenciamento,6085.830000000001,,,404,373,777,0,0,,,0,0,0,,,,,,,,,,,,,2026-06-19 21:31:51.174 -0300,2026-06-19 21:31:51.174 -0300,0.0
8615,,"5352300","5352300",2026-06-10,Sorocaba,"004012",,0.0,0.0,0.0,,6289.09,,,416,342,758,0,0,,,0,0,0,,,,,,,,,,,,,2026-06-19 21:31:51.174 -0300,2026-06-19 21:31:51.174 -0300,0.0
8659,,"5352409","5352409",2026-06-11,Sorocaba,"003405",,0.0,0.0,0.0,,14694.000000000002,,,872,896,1768,0,0,,,0,0,0,,,,,,,,,,,,,2026-06-19 21:31:51.174 -0300,2026-06-19 21:31:51.174 -0300,0.0
8725,,"5352475","5352475",2026-06-12,Sorocaba,"000580",,0.0,0.0,0.0,,5591.09,,,252,567,819,0,0,,,0,0,0,,,,,,,,,,,,,2026-06-19 21:31:51.174 -0300,2026-06-19 21:31:51.174 -0300,0.0
8724,,"5352474","5352474",2026-06-12,Sorocaba,"000577",,0.0,0.0,0.0,,4344.41,,,232,370,602,0,0,,,0,0,0,,,,,,,,,,,,,2026-06-19 21:31:51.174 -0300,2026-06-19 21:31:51.174 -0300,0.0
8726,,"5352476","5352476",2026-06-12,Sorocaba,"000582",,0.0,0.0,0.0,,7298.290000000001,,,525,180,705,0,0,,,0,0,0,,,,,,,,,,,,,2026-06-19 21:31:51.174 -0300,2026-06-19 21:31:51.174 -0300,0.0
8796,,"5352667","5352667",2026-06-12,Sorocaba,"000632",,0.0,0.0,0.0,,7050.860000000001,,,474,120,594,0,0,,,0,0,0,,,,,,,,,,,,,2026-06-19 21:31:51.174 -0300,2026-06-19 21:31:51.174 -0300,0.0
8795,,"5352666","5352666",2026-06-12,Sorocaba,"000632",,0.0,0.0,0.0,,11164.28,,,918,949,1867,0,0,,,0,0,0,,,,,,,,,,,,,2026-06-19 21:31:51.174 -0300,2026-06-19 21:31:51.174 -0300,0.0
8800,,"5352671","5352671",2026-06-13,Sorocaba,"000620",,0.0,0.0,0.0,,17037.139999999996,,,790,3142,3932,0,0,,,0,0,0,,,,,,,,,,,,,2026-06-19 21:31:51.174 -0300,2026-06-19 21:31:51.174 -0300,0.0
8799,,"5352670","5352670",2026-06-12,Sorocaba,"000712",,0.0,0.0,0.0,,31745.899999999994,,,2126,1376,3502,0,0,,,0,0,0,,,,,,,,,,,,,2026-06-19 21:31:51.174 -0300,2026-06-19 21:31:51.174 -0300,0.0
8797,,"5352668","5352668",2026-06-12,Sorocaba,"000639",,0.0,0.0,0.0,,7424.300000000001,,,722,500,1222,0,0,,,0,0,0,,,,,,,,,,,,,2026-06-19 21:31:51.174 -0300,2026-06-19 21:31:51.174 -0300,0.0
8723,,"5352473","5352473",2026-06-12,Sorocaba,"000575",CESARIO 8,42.86,42.86,0.0,Finalizado pelo Operador,5679.09,,,303,371,674,0,0,ALMIR ROGERIO FERREIRA DE LIMA,29.83,0,0,0,,,,,,,,,,,,8.63,2026-06-19 21:31:51.174 -0300,2026-06-19 21:31:51.174 -0300,29.83
8858,,"5352857","5352857",2026-06-15,Sorocaba,"000622",,0.0,0.0,0.0,,5707.0,,,500,300,800,0,0,,,0,0,0,,,,,,,,,,,,,2026-06-19 21:31:51.174 -0300,2026-06-19 21:31:51.174 -0300,0.0
8457,,"5351893","5351893",2026-06-08,Sorocaba,"004022",,0.0,0.0,0.0,,6962.26,,,475,378,853,0,0,,,0,0,0,,,,,,,,,,,,,2026-06-19 21:31:51.174 -0300,2026-06-19 21:31:51.174 -0300,0.0
8729,,"5352500","5352500",2026-06-12,Sorocaba,"000588",,0.0,0.0,0.0,,12126.21,,,697,1281,1978,0,0,,,0,0,0,,,,,,,,,,,,,2026-06-19 21:31:51.174 -0300,2026-06-19 21:31:51.174 -0300,0.0
8466,,"5351903","5351903",2026-06-08,Sorocaba,"000620",,0.0,0.0,0.0,,15995.119999999995,,,378,3007,3385,0,0,,,0,0,0,,,,,,,,,,,,,2026-06-19 21:31:51.174 -0300,2026-06-19 21:31:51.174 -0300,0.0
8533,,"5352105","5352105",2026-06-09,Sorocaba,"004006",,0.0,0.0,0.0,,6870.7300000000005,,,402,714,1116,0,0,,,0,0,0,,,,,,,,,,,,,2026-06-19 21:31:51.174 -0300,2026-06-19 21:31:51.174 -0300,0.0
8728,,"5352498","5352498",2026-06-12,Sorocaba,"004021",,0.0,0.0,0.0,,9220.34,,,671,532,1203,0,0,,,0,0,0,,,,,,,,,,,,,2026-06-19 21:31:51.174 -0300,2026-06-19 21:31:51.174 -0300,0.0
8548,,"5352121","5352121",2026-06-09,Sorocaba,"000608",,0.0,0.0,0.0,,9183.02,,,826,494,1320,0,0,,,0,0,0,,,,,,,,,,,,,2026-06-19 21:31:51.174 -0300,2026-06-19 21:31:51.174 -0300,0.0
8532,,"5352104","5352104",2026-06-09,Sorocaba,"004003",,0.0,0.0,0.0,,6119.05,,,361,217,578,0,0,,,0,0,0,,,,,,,,,,,,,2026-06-19 21:31:51.174 -0300,2026-06-19 21:31:51.174 -0300,0.0
8665,,"5352415","5352415",2026-06-11,Sorocaba,"005140",,0.0,0.0,0.0,,5522.110000000001,,,383,313,696,0,0,,,0,0,0,,,,,,,,,,,,,2026-06-19 21:31:51.174 -0300,2026-06-19 21:31:51.174 -0300,0.0
9032,,"5353255","5353255",2026-06-17,Sorocaba,"000621",,0.0,0.0,0.0,,16886.649999999998,,,750,3280,4030,0,0,,,0,0,0,,,,,,,,,,,,,2026-06-19 21:31:51.174 -0300,2026-06-19 21:31:51.174 -0300,0.0
8465,,"5351902","5351902",2026-06-08,Sorocaba,"000588",,0.0,0.0,0.0,,15097.280000000002,,,1112,248,1360,0,0,,,0,0,0,,,,,,,,,,,,,2026-06-19 21:31:51.174 -0300,2026-06-19 21:31:51.174 -0300,0.0
8667,,"5352417","5352417",2026-06-11,Sorocaba,"006935",,0.0,0.0,0.0,,4953.66,,,300,335,635,0,0,,,0,0,0,,,,,,,,,,,,,2026-06-19 21:31:51.174 -0300,2026-06-19 21:31:51.174 -0300,0.0
8536,,"5352108","5352108",2026-06-09,Sorocaba,"004014",,0.0,0.0,0.0,,5033.82,,,345,542,887,0,0,,,0,0,0,,,,,,,,,,,,,2026-06-19 21:31:51.174 -0300,2026-06-19 21:31:51.174 -0300,0.0
8538,,"5352110","5352110",2026-06-09,Sorocaba,"004022",,0.0,0.0,0.0,,7103.280000000001,,,410,836,1246,0,0,,,0,0,0,,,,,,,,,,,,,2026-06-19 21:31:51.174 -0300,2026-06-19 21:31:51.174 -0300,0.0
8801,,"5352681","5352681",2026-06-12,Sorocaba,"099999",,0.0,0.0,0.0,,86.39999999999999,,,5,8,13,0,0,,,0,0,0,,,,,,,,,,,,,2026-06-19 21:31:51.174 -0300,2026-06-19 21:31:51.174 -0300,0.0
8663,,"5352413","5352413",2026-06-11,Sorocaba,"004925",,0.0,0.0,0.0,,7885.73,,,453,860,1313,0,0,,,0,0,0,,,,,,,,,,,,,2026-06-19 21:31:51.174 -0300,2026-06-19 21:31:51.174 -0300,0.0
8617,,"5352302","5352302",2026-06-10,Sorocaba,"004035",,0.0,0.0,0.0,,4318.940000000001,,,111,1054,1165,0,0,,,0,0,0,,,,,,,,,,,,,2026-06-19 21:31:51.174 -0300,2026-06-19 21:31:51.174 -0300,0.0
8802,,"5352683","5352683",2026-06-12,Sorocaba,"000519",,0.0,0.0,0.0,,1559.5700000000002,,,91,156,247,0,0,,,0,0,0,,,,,,,,,,,,,2026-06-19 21:31:51.174 -0300,2026-06-19 21:31:51.174 -0300,0.0
8467,,"5351904","5351904",2026-06-08,Sorocaba,"000620",,0.0,0.0,0.0,,5079.48,,,360,336,696,0,0,,,0,0,0,,,,,,,,,,,,,2026-06-19 21:31:51.174 -0300,2026-06-19 21:31:51.174 -0300,0.0
8476,,"5351913","5351913",2026-06-08,Sorocaba,"000632",,0.0,0.0,0.0,,18881.95,,,1082,1584,2666,0,0,,,0,0,0,,,,,,,,,,,,,2026-06-19 21:31:51.174 -0300,2026-06-19 21:31:51.174 -0300,0.0
8471,,"5351908","5351908",2026-06-08,Sorocaba,"000622",,0.0,0.0,0.0,,15975.669999999998,,,696,1636,2332,0,0,,,0,0,0,,,,,,,,,,,,,2026-06-19 21:31:51.174 -0300,2026-06-19 21:31:51.174 -0300,0.0
8475,,"5351912","5351912",2026-06-08,Sorocaba,"000631",,0.0,0.0,0.0,,7015.17,,,137,1770,1907,0,0,,,0,0,0,,,,,,,,,,,,,2026-06-19 21:31:51.174 -0300,2026-06-19 21:31:51.174 -0300,0.0
8473,,"5351910","5351910",2026-06-08,Sorocaba,"000623",,0.0,0.0,0.0,,8326.52,,,200,1988,2188,0,0,,,0,0,0,,,,,,,,,,,,,2026-06-19 21:31:51.174 -0300,2026-06-19 21:31:51.174 -0300,0.0
8534,,"5352106","5352106",2026-06-09,Sorocaba,"004007",,0.0,0.0,0.0,,5136.83,,,329,160,489,0,0,,,0,0,0,,,,,,,,,,,,,2026-06-19 21:31:51.174 -0300,2026-06-19 21:31:51.174 -0300,0.0
8622,,"5352311","5352311",2026-06-10,Sorocaba,"000621",,0.0,0.0,0.0,,2417.22,,,50,627,677,0,0,,,0,0,0,,,,,,,,,,,,,2026-06-19 21:31:51.174 -0300,2026-06-19 21:31:51.174 -0300,0.0
8468,,"5351905","5351905",2026-06-08,Sorocaba,"000621",,0.0,0.0,0.0,,17291.47,,,928,1803,2731,0,0,,,0,0,0,,,,,,,,,,,,,2026-06-19 21:31:51.174 -0300,2026-06-19 21:31:51.174 -0300,0.0
8470,,"5351907","5351907",2026-06-08,Sorocaba,"000622",,0.0,0.0,0.0,,17469.78,,,890,2358,3248,0,0,,,0,0,0,,,,,,,,,,,,,2026-06-19 21:31:51.174 -0300,2026-06-19 21:31:51.174 -0300,0.0
8859,,"5352858","5352858",2026-06-15,Sorocaba,"000623",,0.0,0.0,0.0,,14156.800000000003,,,,4480,4480,0,0,,,0,0,0,,,,,,,,,,,,,2026-06-19 21:31:51.174 -0300,2026-06-19 21:31:51.174 -0300,0.0
8474,,"5351911","5351911",2026-06-08,Sorocaba,"000631",,0.0,0.0,0.0,,7341.6,,,880,,880,0,0,,,0,0,0,,,,,,,,,,,,,2026-06-19 21:31:51.174 -0300,2026-06-19 21:31:51.174 -0300,0.0
8472,,"5351909","5351909",2026-06-08,Sorocaba,"000623",,0.0,0.0,0.0,,17933.999999999996,,,1000,1800,2800,0,0,,,0,0,0,,,,,,,,,,,,,2026-06-19 21:31:51.174 -0300,2026-06-19 21:31:51.174 -0300,0.0
8469,,"5351906","5351906",2026-06-08,Sorocaba,"000621",,0.0,0.0,0.0,,5788.23,,,435,229,664,0,0,,,0,0,0,,,,,,,,,,,,,2026-06-19 21:31:51.174 -0300,2026-06-19 21:31:51.174 -0300,0.0
8539,,"5352111","5352111",2026-06-09,Sorocaba,"004023",,0.0,0.0,0.0,,4645.99,,,294,513,807,0,0,,,0,0,0,,,,,,,,,,,,,2026-06-19 21:31:51.174 -0300,2026-06-19 21:31:51.174 -0300,0.0
8477,,"5351914","5351914",2026-06-08,Sorocaba,"000632",,0.0,0.0,0.0,,17806.45,,,818,1757,2575,0,0,,,0,0,0,,,,,,,,,,,,,2026-06-19 21:31:51.174 -0300,2026-06-19 21:31:51.174 -0300,0.0
8541,,"5352113","5352113",2026-06-09,Sorocaba,"004035",,0.0,0.0,0.0,,6794.400000000001,,,422,341,763,0,0,,,0,0,0,,,,,,,,,,,,,2026-06-19 21:31:51.174 -0300,2026-06-19 21:31:51.174 -0300,0.0
8547,,"5352120","5352120",2026-06-09,Sorocaba,"000588",,0.0,0.0,0.0,,14343.8,,,832,1918,2750,0,0,,,0,0,0,,,,,,,,,,,,,2026-06-19 21:31:51.174 -0300,2026-06-19 21:31:51.174 -0300,0.0
8624,,"5352313","5352313",2026-06-10,Sorocaba,"000623",,0.0,0.0,0.0,,5788.18,,,407,235,642,0,0,,,0,0,0,,,,,,,,,,,,,2026-06-19 21:31:51.174 -0300,2026-06-19 21:31:51.174 -0300,0.0
8732,,"5352499","5352499",2026-06-12,Sorocaba,"004026",,0.0,0.0,0.0,,8290.76,,,622,552,1174,0,0,,,0,0,0,,,,,,,,,,,,,2026-06-19 21:31:51.174 -0300,2026-06-19 21:31:51.174 -0300,0.0
8731,,"5352502","5352502",2026-06-12,Sorocaba,"000639",,0.0,0.0,0.0,,12781.300000000001,,,815,690,1505,0,0,,,0,0,0,,,,,,,,,,,,,2026-06-19 21:31:51.174 -0300,2026-06-19 21:31:51.174 -0300,0.0
8666,,"5352416","5352416",2026-06-11,Sorocaba,"006495",,0.0,0.0,0.0,,7701.18,,,427,552,979,0,0,,,0,0,0,,,,,,,,,,,,,2026-06-19 21:31:51.174 -0300,2026-06-19 21:31:51.174 -0300,0.0
8664,,"5352414","5352414",2026-06-11,Sorocaba,"005064",,0.0,0.0,0.0,,6797.46,,,339,642,981,0,0,,,0,0,0,,,,,,,,,,,,,2026-06-19 21:31:51.174 -0300,2026-06-19 21:31:51.174 -0300,0.0
8803,,"5352767","5352767",2026-06-13,Sorocaba,"000620",,0.0,0.0,0.0,,15732.0,,,1200,,1200,0,0,,,0,0,0,,,,,,,,,,,,,2026-06-19 21:31:51.174 -0300,2026-06-19 21:31:51.174 -0300,0.0
8861,,"5352860","5352860",2026-06-15,Sorocaba,"000631",,0.0,0.0,0.0,,4817.820000000001,,,562,472,1034,0,0,,,0,0,0,,,,,,,,,,,,,2026-06-19 21:31:51.174 -0300,2026-06-19 21:31:51.174 -0300,0.0
8860,,"5352859","5352859",2026-06-15,Sorocaba,"000623",,0.0,0.0,0.0,,6646.249999999998,,,617,679,1296,0,0,,,0,0,0,,,,,,,,,,,,,2026-06-19 21:31:51.174 -0300,2026-06-19 21:31:51.174 -0300,0.0
8862,,"5352861","5352861",2026-06-15,Sorocaba,"000631",,0.0,0.0,0.0,,8610.019999999999,,,606,172,778,0,0,,,0,0,0,,,,,,,,,,,,,2026-06-19 21:31:51.174 -0300,2026-06-19 21:31:51.174 -0300,0.0
8863,,"5352862","5352862",2026-06-15,Sorocaba,"000632",,0.0,0.0,0.0,,3544.92,,,100,396,496,0,0,,,0,0,0,,,,,,,,,,,,,2026-06-19 21:31:51.174 -0300,2026-06-19 21:31:51.174 -0300,0.0
8864,,"5352863","5352863",2026-06-15,Sorocaba,"000632",,0.0,0.0,0.0,,16333.25,,,1221,14,1235,0,0,,,0,0,0,,,,,,,,,,,,,2026-06-19 21:31:51.174 -0300,2026-06-19 21:31:51.174 -0300,0.0
8865,,"5352864","5352864",2026-06-15,Sorocaba,"000639",,0.0,0.0,0.0,,15732.0,,,1200,,1200,0,0,,,0,0,0,,,,,,,,,,,,,2026-06-19 21:31:51.174 -0300,2026-06-19 21:31:51.174 -0300,0.0
8478,,"5351915","5351915",2026-06-08,Sorocaba,"000639",,0.0,0.0,0.0,,8713.29,,,651,32,683,0,0,,,0,0,0,,,,,,,,,,,,,2026-06-19 21:31:51.174 -0300,2026-06-19 21:31:51.174 -0300,0.0
8740,,"5352596","5352596",2026-06-12,Sorocaba,"006935",,0.0,0.0,0.0,,5208.89,,,276,458,734,0,0,,,0,0,0,,,,,,,,,,,,,2026-06-19 21:31:51.174 -0300,2026-06-19 21:31:51.174 -0300,0.0
8808,,"5352772","5352772",2026-06-13,Sorocaba,"006975",,0.0,0.0,0.0,,5802.8,,,364,535,899,0,0,,,0,0,0,,,,,,,,,,,,,2026-06-19 21:31:51.174 -0300,2026-06-19 21:31:51.174 -0300,0.0
8535,,"5352107","5352107",2026-06-09,Sorocaba,"004012",,0.0,0.0,0.0,,7593.7300000000005,,,533,505,1036,0,0,,,0,0,0,,,,,,,,,,,,,2026-06-19 21:31:51.174 -0300,2026-06-19 21:31:51.174 -0300,0.0
8735,,"5352591","5352591",2026-06-12,Sorocaba,"004885",,0.0,0.0,0.0,,3827.38,,,175,452,627,0,0,,,0,0,0,,,,,,,,,,,,,2026-06-19 21:31:51.174 -0300,2026-06-19 21:31:51.174 -0300,0.0
8544,,"5352116","5352116",2026-06-09,Sorocaba,"005006",,0.0,0.0,0.0,,13914.8,,,640,1600,2240,0,0,,,0,0,0,,,,,,,,,,,,,2026-06-19 21:31:51.174 -0300,2026-06-19 21:31:51.174 -0300,0.0
8479,,"5351916","5351916",2026-06-08,Sorocaba,"000639",,0.0,0.0,0.0,,9650.57,,,440,1502,1942,0,0,,,0,0,0,,,,,,,,,,,,,2026-06-19 21:31:51.174 -0300,2026-06-19 21:31:51.174 -0300,0.0
8804,,"5352768","5352768",2026-06-13,Sorocaba,"003405",,0.0,0.0,0.0,,2803.81,,,151,212,363,0,0,,,0,0,0,,,,,,,,,,,,,2026-06-19 21:31:51.174 -0300,2026-06-19 21:31:51.174 -0300,0.0
8540,,"5352112","5352112",2026-06-09,Sorocaba,"004026",,0.0,0.0,0.0,,7612.759999999999,,,257,1835,2092,0,0,,,0,0,0,,,,,,,,,,,,,2026-06-19 21:31:51.174 -0300,2026-06-19 21:31:51.174 -0300,0.0
8733,,"5352589","5352589",2026-06-12,Sorocaba,"003405",ITAPEVA 2,100.0,100.0,0.0,Finalizado pelo Operador,3833.55,,,175,596,771,0,0,ALEXSANDRO DE SOUZA RODRIGUES,82.03,0,0,0,,,,,,,,,,,,8.63,2026-06-19 21:31:51.174 -0300,2026-06-19 21:31:51.174 -0300,82.03
8738,,"5352594","5352594",2026-06-12,Sorocaba,"005064",,0.0,0.0,0.0,,3885.49,,,239,444,683,0,0,,,0,0,0,,,,,,,,,,,,,2026-06-19 21:31:51.174 -0300,2026-06-19 21:31:51.174 -0300,0.0
8542,,"5352114","5352114",2026-06-09,Sorocaba,"005000",,0.0,0.0,0.0,,27335.02000000001,,,400,8088,8488,0,0,,,0,0,0,,,,,,,,,,,,,2026-06-19 21:31:51.174 -0300,2026-06-19 21:31:51.174 -0300,0.0
8651,,"5352336","5352336",2026-06-11,Sorocaba,"000555",,0.0,0.0,0.0,,17998.920000000002,,,1068,1542,2610,0,0,,,0,0,0,,,,,,,,,,,,,2026-06-19 21:31:51.174 -0300,2026-06-19 21:31:51.174 -0300,0.0
8543,,"5352115","5352115",2026-06-09,Sorocaba,"005002",,0.0,0.0,0.0,,24826.78,,,1448,2350,3798,0,0,,,0,0,0,,,,,,,,,,,,,2026-06-19 21:31:51.174 -0300,2026-06-19 21:31:51.174 -0300,0.0
8537,,"5352109","5352109",2026-06-09,Sorocaba,"004016",,0.0,0.0,0.0,,4167.910000000001,,,233,529,762,0,0,,,0,0,0,,,,,,,,,,,,,2026-06-19 21:31:51.174 -0300,2026-06-19 21:31:51.174 -0300,0.0
8545,,"5352118","5352118",2026-06-09,Sorocaba,"000555",,0.0,0.0,0.0,,7023.1500000000015,,,464,529,993,0,0,,,0,0,0,,,,,,,,,,,,,2026-06-19 21:31:51.174 -0300,2026-06-19 21:31:51.174 -0300,0.0
8546,,"5352119","5352119",2026-06-09,Sorocaba,"000588",,0.0,0.0,0.0,,12856.59,,,1165,1384,2549,0,0,,,0,0,0,,,,,,,,,,,,,2026-06-19 21:31:51.174 -0300,2026-06-19 21:31:51.174 -0300,0.0
8906,,"5353005","5353005",2026-06-16,Sorocaba,"000527",,0.0,0.0,0.0,,11279.52,,,1536,,1536,0,0,,,0,0,0,,,,,,,,,,,,,2026-06-19 21:31:51.174 -0300,2026-06-19 21:31:51.174 -0300,0.0
8737,,"5352593","5352593",2026-06-12,Sorocaba,"004925",,0.0,0.0,0.0,,7194.99,,,419,448,867,0,0,,,0,0,0,,,,,,,,,,,,,2026-06-19 21:31:51.174 -0300,2026-06-19 21:31:51.174 -0300,0.0
8805,,"5352769","5352769",2026-06-13,Sorocaba,"003405",,0.0,0.0,0.0,,556.51,,,19,58,77,0,0,,,0,0,0,,,,,,,,,,,,,2026-06-19 21:31:51.174 -0300,2026-06-19 21:31:51.174 -0300,0.0
8806,,"5352770","5352770",2026-06-13,Sorocaba,"005064",,0.0,0.0,0.0,,4662.67,,,284,322,606,0,0,,,0,0,0,,,,,,,,,,,,,2026-06-19 21:31:51.174 -0300,2026-06-19 21:31:51.174 -0300,0.0
8809,,"5352773","5352773",2026-06-13,Sorocaba,"007157",ITAPEVA 2,100.0,100.0,0.0,Finalizado pelo Operador,2210.8,,,126,168,294,0,0,ALMIR ROGERIO FERREIRA DE LIMA,34.00,0,0,0,,,,,,,,,,,,4.68,2026-06-19 21:31:51.174 -0300,2026-06-19 21:31:51.174 -0300,34.0
8807,,"5352771","5352771",2026-06-13,Sorocaba,"006935",,0.0,0.0,0.0,,7449.440000000001,,,445,498,943,0,0,,,0,0,0,,,,,,,,,,,,,2026-06-19 21:31:51.174 -0300,2026-06-19 21:31:51.174 -0300,0.0
8810,,"5352774","5352774",2026-06-13,Sorocaba,"009924",,0.0,0.0,0.0,,5845.660000000001,,,356,369,725,0,0,,,0,0,0,,,,,,,,,,,,,2026-06-19 21:31:51.174 -0300,2026-06-19 21:31:51.174 -0300,0.0
8910,,"5353009","5353009",2026-06-16,Sorocaba,"000542",,0.0,0.0,0.0,,1192.1716666666669,,,26,157,178,0,0,,,0,0,0,,,,,,,,,,,,,2026-06-19 21:31:51.174 -0300,2026-06-19 21:31:51.174 -0300,0.0
8913,,"5353012","5353012",2026-06-16,Sorocaba,"000556",,0.0,0.0,0.0,,5994.51,,,308,610,918,0,0,,,0,0,0,,,,,,,,,,,,,2026-06-19 21:31:51.174 -0300,2026-06-19 21:31:51.174 -0300,0.0
8911,,"5353010","5353010",2026-06-16,Sorocaba,"000548",,0.0,0.0,0.0,,6218.429999999999,,,380,461,841,0,0,,,0,0,0,,,,,,,,,,,,,2026-06-19 21:31:51.174 -0300,2026-06-19 21:31:51.174 -0300,0.0
8914,,"5353013","5353013",2026-06-16,Sorocaba,"000559",,0.0,0.0,0.0,,3780.5600000000004,,,149,435,584,0,0,,,0,0,0,,,,,,,,,,,,,2026-06-19 21:31:51.174 -0300,2026-06-19 21:31:51.174 -0300,0.0
8918,,"5353017","5353017",2026-06-16,Sorocaba,"000573",,0.0,0.0,0.0,,3384.93,,,156,275,431,0,0,,,0,0,0,,,,,,,,,,,,,2026-06-19 21:31:51.174 -0300,2026-06-19 21:31:51.174 -0300,0.0
8561,,"5352134","5352134",2026-06-09,Sorocaba,"000712",,0.0,0.0,0.0,,32229.139999999996,,,3342,,3342,0,0,,,0,0,0,,,,,,,,,,,,,2026-06-19 21:31:51.174 -0300,2026-06-19 21:31:51.174 -0300,0.0
8552,,"5352125","5352125",2026-06-09,Sorocaba,"000621",,0.0,0.0,0.0,,20651.600000000002,,,1580,280,1860,0,0,,,0,0,0,,,,,,,,,,,,,2026-06-19 21:31:51.174 -0300,2026-06-19 21:31:51.174 -0300,0.0
8742,,"5352598","5352598",2026-06-12,Sorocaba,"009925",,0.0,0.0,0.0,,6919.039999999999,,,358,611,969,0,0,,,0,0,0,,,,,,,,,,,,,2026-06-19 21:31:51.174 -0300,2026-06-19 21:31:51.174 -0300,0.0
8555,,"5352128","5352128",2026-06-09,Sorocaba,"000623",,0.0,0.0,0.0,,12624.23,,,759,1095,1854,0,0,,,0,0,0,,,,,,,,,,,,,2026-06-19 21:31:51.174 -0300,2026-06-19 21:31:51.174 -0300,0.0
8557,,"5352130","5352130",2026-06-09,Sorocaba,"000631",,0.0,0.0,0.0,,6771.099999999999,,,,1975,1973,0,0,,,0,0,0,,,,,,,,,,,,,2026-06-19 21:31:51.174 -0300,2026-06-19 21:31:51.174 -0300,0.0
8736,,"5352592","5352592",2026-06-12,Sorocaba,"004885",,0.0,0.0,0.0,,3977.92,,,300,12,312,0,0,,,0,0,0,,,,,,,,,,,,,2026-06-19 21:31:51.174 -0300,2026-06-19 21:31:51.174 -0300,0.0
8549,,"5352122","5352122",2026-06-09,Sorocaba,"000608",,0.0,0.0,0.0,,8656.5,,,532,621,1153,0,0,,,0,0,0,,,,,,,,,,,,,2026-06-19 21:31:51.174 -0300,2026-06-19 21:31:51.174 -0300,0.0
8668,,"5352418","5352418",2026-06-11,Sorocaba,"006975",,0.0,0.0,0.0,,8913.84,,,503,633,1136,0,0,,,0,0,0,,,,,,,,,,,,,2026-06-19 21:31:51.174 -0300,2026-06-19 21:31:51.174 -0300,0.0
8653,,"5352338","5352338",2026-06-11,Sorocaba,"000608",,0.0,0.0,0.0,,9926.830000000002,,,690,471,1161,0,0,,,0,0,0,,,,,,,,,,,,,2026-06-19 21:31:51.174 -0300,2026-06-19 21:31:51.174 -0300,0.0
8556,,"5352129","5352129",2026-06-09,Sorocaba,"000631",,0.0,0.0,0.0,,5887.0599999999995,,,250,730,980,0,0,,,0,0,0,,,,,,,,,,,,,2026-06-19 21:31:51.174 -0300,2026-06-19 21:31:51.174 -0300,0.0
8553,,"5352126","5352126",2026-06-09,Sorocaba,"000622",,0.0,0.0,0.0,,5849.8,,,319,642,961,0,0,,,0,0,0,,,,,,,,,,,,,2026-06-19 21:31:51.174 -0300,2026-06-19 21:31:51.174 -0300,0.0
8626,,"5352315","5352315",2026-06-10,Sorocaba,"000639",,0.0,0.0,0.0,,16002.85,,,1355,1323,2678,0,0,,,0,0,0,,,,,,,,,,,,,2026-06-19 21:31:51.174 -0300,2026-06-19 21:31:51.174 -0300,0.0
8558,,"5352131","5352131",2026-06-09,Sorocaba,"000632",,0.0,0.0,0.0,,10109.97,,,823,828,1651,0,0,,,0,0,0,,,,,,,,,,,,,2026-06-19 21:31:51.174 -0300,2026-06-19 21:31:51.174 -0300,0.0
8744,,"5352600","5352600",2026-06-13,Sorocaba,"004925",,0.0,0.0,0.0,,7958.909999999998,,,481,341,822,0,0,,,0,0,0,,,,,,,,,,,,,2026-06-19 21:31:51.174 -0300,2026-06-19 21:31:51.174 -0300,0.0
8734,,"5352590","5352590",2026-06-12,Sorocaba,"003405",,0.0,0.0,0.0,,320.78000000000003,,,11,36,47,0,0,,,0,0,0,,,,,,,,,,,,,2026-06-19 21:31:51.174 -0300,2026-06-19 21:31:51.174 -0300,0.0
8743,,"5352599","5352599",2026-06-13,Sorocaba,"004885",,0.0,0.0,0.0,,3145.95,,,152,364,516,0,0,,,0,0,0,,,,,,,,,,,,,2026-06-19 21:31:51.174 -0300,2026-06-19 21:31:51.174 -0300,0.0
8746,,"5352602","5352602",2026-06-13,Sorocaba,"006495",,0.0,0.0,0.0,,7808.92,,,465,579,1044,0,0,,,0,0,0,,,,,,,,,,,,,2026-06-19 21:31:51.174 -0300,2026-06-19 21:31:51.174 -0300,0.0
8739,,"5352595","5352595",2026-06-12,Sorocaba,"006495",,0.0,0.0,0.0,,8869.02,,,474,965,1439,0,0,,,0,0,0,,,,,,,,,,,,,2026-06-19 21:31:51.174 -0300,2026-06-19 21:31:51.174 -0300,0.0
8954,,"5353058","5353058",2026-06-17,Sorocaba,"000588",,0.0,0.0,0.0,,8942.68,,,599,574,1173,0,0,,,0,0,0,,,,,,,,,,,,,2026-06-19 21:31:51.174 -0300,2026-06-19 21:31:51.174 -0300,0.0
8875,,"5352845","5352845",2026-06-15,Sorocaba,"005005",,0.0,0.0,0.0,,31060.000000000007,,,1500,4010,5510,0,0,,,0,0,0,,,,,,,,,,,,,2026-06-19 21:31:51.174 -0300,2026-06-19 21:31:51.174 -0300,0.0
8952,,"5353056","5353056",2026-06-17,Sorocaba,"000555",,0.0,0.0,0.0,,4498.39,,,275,310,585,0,0,,,0,0,0,,,,,,,,,,,,,2026-06-19 21:31:51.174 -0300,2026-06-19 21:31:51.174 -0300,0.0
8950,,"5353031","5353031",2026-06-17,Sorocaba,"000555",,0.0,0.0,0.0,,5123.64,,,826,186,1012,0,0,,,0,0,0,,,,,,,,,,,,,2026-06-19 21:31:51.174 -0300,2026-06-19 21:31:51.174 -0300,0.0
8811,,"5352775","5352775",2026-06-13,Sorocaba,"009925",ITAPEVA 2,80.0,80.0,0.0,Finalizado pelo Operador,2521.84,,,135,197,332,0,0,DANIEL DIAS DE SOUSA,32.32,0,0,0,,,,,,,,,,,,4.68,2026-06-19 21:31:51.174 -0300,2026-06-19 21:31:51.174 -0300,32.32
8874,,"5352844","5352844",2026-06-15,Sorocaba,"005000",,0.0,0.0,0.0,,34223.75,,,2625,,2625,0,0,,,0,0,0,,,,,,,,,,,,,2026-06-19 21:31:51.174 -0300,2026-06-19 21:31:51.174 -0300,0.0
8964,,"5353158","5353158",2026-06-17,Sorocaba,"009924",,0.0,0.0,0.0,,6790.659999999999,,,502,167,669,0,0,,,0,0,0,,,,,,,,,,,,,2026-06-19 21:31:51.174 -0300,2026-06-19 21:31:51.174 -0300,0.0
8989,,"5353197","5353197",2026-06-17,Sorocaba,"000565",,0.0,0.0,0.0,,6654.775,,,440,227,666,0,0,,,0,0,0,,,,,,,,,,,,,2026-06-19 21:31:51.174 -0300,2026-06-19 21:31:51.174 -0300,0.0
8991,,"5353199","5353199",2026-06-17,Sorocaba,"000577",,0.0,0.0,0.0,,5138.700000000001,,,320,288,608,0,0,,,0,0,0,,,,,,,,,,,,,2026-06-19 21:31:51.174 -0300,2026-06-19 21:31:51.174 -0300,0.0
8993,,"5353201","5353201",2026-06-17,Sorocaba,"000582",,0.0,0.0,0.0,,6230.958333333333,,,380,293,672,0,0,,,0,0,0,,,,,,,,,,,,,2026-06-19 21:31:51.174 -0300,2026-06-19 21:31:51.174 -0300,0.0
8995,,"5353203","5353203",2026-06-17,Sorocaba,"000583",,0.0,0.0,0.0,,3755.05,,,200,393,593,0,0,,,0,0,0,,,,,,,,,,,,,2026-06-19 21:31:51.174 -0300,2026-06-19 21:31:51.174 -0300,0.0
8627,,"5352316","5352316",2026-06-10,Sorocaba,"000639",,0.0,0.0,0.0,,1823.7800000000002,,,65,396,461,0,0,,,0,0,0,,,,,,,,,,,,,2026-06-19 21:31:51.174 -0300,2026-06-19 21:31:51.174 -0300,0.0
8551,,"5352124","5352124",2026-06-09,Sorocaba,"000620",,0.0,0.0,0.0,,12805.83,,,805,887,1692,0,0,,,0,0,0,,,,,,,,,,,,,2026-06-19 21:31:51.174 -0300,2026-06-19 21:31:51.174 -0300,0.0
8652,,"5352337","5352337",2026-06-11,Sorocaba,"000588",,0.0,0.0,0.0,,11364.62,,,494,1982,2476,0,0,,,0,0,0,,,,,,,,,,,,,2026-06-19 21:31:51.174 -0300,2026-06-19 21:31:51.174 -0300,0.0
8671,,"5352451","5352451",2026-06-11,Sorocaba,"000583",,0.0,0.0,0.0,,5894.56,,,312,512,824,0,0,,,0,0,0,,,,,,,,,,,,,2026-06-19 21:31:51.174 -0300,2026-06-19 21:31:51.174 -0300,0.0
8741,,"5352597","5352597",2026-06-12,Sorocaba,"006975",ITAPEVA 2,50.0,50.0,0.0,Finalizado pelo Operador,8048.31,,,437,745,1182,0,0,ALEXSANDRO DE SOUZA RODRIGUES,56.32,0,0,0,,,,,,,,,,,,8.63,2026-06-19 21:31:51.174 -0300,2026-06-19 21:31:51.174 -0300,56.32
8559,,"5352132","5352132",2026-06-09,Sorocaba,"000639",,0.0,0.0,0.0,,9108.16,,,710,1016,1726,0,0,,,0,0,0,,,,,,,,,,,,,2026-06-19 21:31:51.174 -0300,2026-06-19 21:31:51.174 -0300,0.0
8825,,"5352808","5352808",2026-06-13,Sorocaba,"000595",,0.0,0.0,0.0,,2250.8599999999997,,,53,360,413,0,0,,,0,0,0,,,,,,,,,,,,,2026-06-19 21:31:51.174 -0300,2026-06-19 21:31:51.174 -0300,0.0
8675,,"5352455","5352455",2026-06-11,Sorocaba,"000596",,0.0,0.0,0.0,,2059.34,,,110,159,269,0,0,,,0,0,0,,,,,,,,,,,,,2026-06-19 21:31:51.174 -0300,2026-06-19 21:31:51.174 -0300,0.0
8550,,"5352123","5352123",2026-06-09,Sorocaba,"000620",,0.0,0.0,0.0,,16838.26,,,1512,891,2403,0,0,,,0,0,0,,,,,,,,,,,,,2026-06-19 21:31:51.174 -0300,2026-06-19 21:31:51.174 -0300,0.0
8461,,"5351897","5351897",2026-06-08,Sorocaba,"005005",,0.0,0.0,0.0,,61283.60000000003,,,,14380,14380,0,0,,,0,0,0,,,,,,,,,,,,,2026-06-19 21:31:51.174 -0300,2026-06-19 21:31:51.174 -0300,0.0
8669,,"5352449","5352449",2026-06-11,Sorocaba,"000582",,0.0,0.0,0.0,,6620.426666666666,,,414,242,655,0,0,,,0,0,0,,,,,,,,,,,,,2026-06-19 21:31:51.174 -0300,2026-06-19 21:31:51.174 -0300,0.0
8554,,"5352127","5352127",2026-06-09,Sorocaba,"000623",,0.0,0.0,0.0,,14453.179999999998,,,594,998,1592,0,0,,,0,0,0,,,,,,,,,,,,,2026-06-19 21:31:51.174 -0300,2026-06-19 21:31:51.174 -0300,0.0
8869,,"5352839","5352839",2026-06-15,Sorocaba,"004010",,0.0,0.0,0.0,,11100.999999999998,,,1055,40,1095,0,0,,,0,0,0,,,,,,,,,,,,,2026-06-19 21:31:51.174 -0300,2026-06-19 21:31:51.174 -0300,0.0
8824,,"5352807","5352807",2026-06-13,Sorocaba,"000594",,0.0,0.0,0.0,,1579.41,,,82,130,212,0,0,,,0,0,0,,,,,,,,,,,,,2026-06-19 21:31:51.174 -0300,2026-06-19 21:31:51.174 -0300,0.0
8813,,"5352796","5352796",2026-06-13,Sorocaba,"000559",,0.0,0.0,0.0,,3583.38,,,182,231,413,0,0,,,0,0,0,,,,,,,,,,,,,2026-06-19 21:31:51.174 -0300,2026-06-19 21:31:51.174 -0300,0.0
8560,,"5352133","5352133",2026-06-09,Sorocaba,"000639",,0.0,0.0,0.0,,7334.66,,,455,623,1078,0,0,,,0,0,0,,,,,,,,,,,,,2026-06-19 21:31:51.174 -0300,2026-06-19 21:31:51.174 -0300,0.0
8673,,"5352453","5352453",2026-06-11,Sorocaba,"000594",,0.0,0.0,0.0,,3658.4000000000005,,,189,358,547,0,0,,,0,0,0,,,,,,,,,,,,,2026-06-19 21:31:51.174 -0300,2026-06-19 21:31:51.174 -0300,0.0
8812,,"5352795","5352795",2026-06-13,Sorocaba,"000554",,0.0,0.0,0.0,,3710.665,,,205,209,413,0,0,,,0,0,0,,,,,,,,,,,,,2026-06-19 21:31:51.174 -0300,2026-06-19 21:31:51.174 -0300,0.0
8817,,"5352800","5352800",2026-06-13,Sorocaba,"000569",,0.0,0.0,0.0,,6306.383333333334,,,414,235,648,0,0,,,0,0,0,,,,,,,,,,,,,2026-06-19 21:31:51.174 -0300,2026-06-19 21:31:51.174 -0300,0.0
8816,,"5352799","5352799",2026-06-13,Sorocaba,"000566",,0.0,0.0,0.0,,1650.1083333333336,,,52,163,214,0,0,,,0,0,0,,,,,,,,,,,,,2026-06-19 21:31:51.174 -0300,2026-06-19 21:31:51.174 -0300,0.0
8867,,"5352837","5352837",2026-06-15,Sorocaba,"004001",,0.0,0.0,0.0,,11721.970000000003,,,728,919,1647,0,0,,,0,0,0,,,,,,,,,,,,,2026-06-19 21:31:51.174 -0300,2026-06-19 21:31:51.174 -0300,0.0
8870,,"5352840","5352840",2026-06-15,Sorocaba,"004012",,0.0,0.0,0.0,,6984.81,,,170,2108,2278,0,0,,,0,0,0,,,,,,,,,,,,,2026-06-19 21:31:51.174 -0300,2026-06-19 21:31:51.174 -0300,0.0
8868,,"5352838","5352838",2026-06-15,Sorocaba,"004009",,0.0,0.0,0.0,,4033.5599999999995,,,243,338,581,0,0,,,0,0,0,,,,,,,,,,,,,2026-06-19 21:31:51.174 -0300,2026-06-19 21:31:51.174 -0300,0.0
8871,,"5352841","5352841",2026-06-15,Sorocaba,"004021",,0.0,0.0,0.0,,8051.56,,,547,505,1052,0,0,,,0,0,0,,,,,,,,,,,,,2026-06-19 21:31:51.174 -0300,2026-06-19 21:31:51.174 -0300,0.0
8872,,"5352842","5352842",2026-06-15,Sorocaba,"004022",,0.0,0.0,0.0,,6819.879999999999,,,404,772,1176,0,0,,,0,0,0,,,,,,,,,,,,,2026-06-19 21:31:51.174 -0300,2026-06-19 21:31:51.174 -0300,0.0
8826,,"5352809","5352809",2026-06-13,Sorocaba,"000596",CESARIO 3,100.0,100.0,0.0,Finalizado pelo Operador,1054.21,,,47,133,180,0,0,EDIMAR DE ALMEIDA DELFINO,19.52,0,0,0,,,,,,,,,,,,4.68,2026-06-19 21:31:51.174 -0300,2026-06-19 21:31:51.174 -0300,19.52
8905,,"5353004","5353004",2026-06-16,Sorocaba,"000244",,0.0,0.0,0.0,,3776.2000000000003,,,158,408,566,0,0,,,0,0,0,,,,,,,,,,,,,2026-06-19 21:31:51.174 -0300,2026-06-19 21:31:51.174 -0300,0.0
8907,,"5353006","5353006",2026-06-16,Sorocaba,"000527",,0.0,0.0,0.0,,12283.04,,,1232,,1232,0,0,,,0,0,0,,,,,,,,,,,,,2026-06-19 21:31:51.174 -0300,2026-06-19 21:31:51.174 -0300,0.0
8908,,"5353007","5353007",2026-06-16,Sorocaba,"000540",,0.0,0.0,0.0,,2327.1283333333336,,,129,190,315,0,0,,,0,0,0,,,,,,,,,,,,,2026-06-19 21:31:51.174 -0300,2026-06-19 21:31:51.174 -0300,0.0
8566,,"5352145","5352145",2026-06-10,Sorocaba,"004022",,0.0,0.0,0.0,,7929.739999999999,,,505,518,1023,0,0,,,0,0,0,,,,,,,,,,,,,2026-06-19 21:31:51.174 -0300,2026-06-19 21:31:51.174 -0300,0.0
8460,,"5351896","5351896",2026-06-08,Sorocaba,"005005",,0.0,0.0,0.0,,80424.96000000004,,,,17952,17952,0,0,,,0,0,0,,,,,,,,,,,,,2026-06-19 21:31:51.174 -0300,2026-06-19 21:31:51.174 -0300,0.0
8480,,"5351917","5351917",2026-06-08,Sorocaba,"000712",,0.0,0.0,0.0,,66093.57999999999,,,3970,7430,11400,0,0,,,0,0,0,,,,,,,,,,,,,2026-06-19 21:31:51.174 -0300,2026-06-19 21:31:51.174 -0300,0.0
9033,,"5353256","5353256",2026-06-17,Sorocaba,"000622",,0.0,0.0,0.0,,17582.19,,,961,1573,2534,0,0,,,0,0,0,,,,,,,,,,,,,2026-06-19 21:31:51.174 -0300,2026-06-19 21:31:51.174 -0300,0.0
8822,,"5352805","5352805",2026-06-13,Sorocaba,"000580",,0.0,0.0,0.0,,2362.5133333333333,,,167,233,398,0,0,,,0,0,0,,,,,,,,,,,,,2026-06-19 21:31:51.174 -0300,2026-06-19 21:31:51.174 -0300,0.0
8625,,"5352314","5352314",2026-06-10,Sorocaba,"000631",,0.0,0.0,0.0,,7989.59,,,459,709,1168,0,0,,,0,0,0,,,,,,,,,,,,,2026-06-19 21:31:51.174 -0300,2026-06-19 21:31:51.174 -0300,0.0
8562,,"5352147","5352147",2026-06-10,Sorocaba,"000555",,0.0,0.0,0.0,,6752.610000000001,,,386,611,997,0,0,,,0,0,0,,,,,,,,,,,,,2026-06-19 21:31:51.174 -0300,2026-06-19 21:31:51.174 -0300,0.0
9036,,"5353259","5353259",2026-06-17,Sorocaba,"000631",,0.0,0.0,0.0,,9342.119999999999,,,555,641,1196,0,0,,,0,0,0,,,,,,,,,,,,,2026-06-19 21:31:51.174 -0300,2026-06-19 21:31:51.174 -0300,0.0
9037,,"5353260","5353260",2026-06-17,Sorocaba,"000631",,0.0,0.0,0.0,,13240.689999999999,,,755,1470,2225,0,0,,,0,0,0,,,,,,,,,,,,,2026-06-19 21:31:51.174 -0300,2026-06-19 21:31:51.174 -0300,0.0
8459,,"5351895","5351895",2026-06-08,Sorocaba,"004026",,0.0,0.0,0.0,,22043.5,,,1576,908,2484,0,0,,,0,0,0,,,,,,,,,,,,,2026-06-19 21:31:51.174 -0300,2026-06-19 21:31:51.174 -0300,0.0
8819,,"5352802","5352802",2026-06-13,Sorocaba,"000573",,0.0,0.0,0.0,,3100.8200000000006,,,130,271,398,0,0,,,0,0,0,,,,,,,,,,,,,2026-06-19 21:31:51.174 -0300,2026-06-19 21:31:51.174 -0300,0.0
8909,,"5353008","5353008",2026-06-16,Sorocaba,"000542",,0.0,0.0,0.0,,4295.966666666667,,,219,405,621,0,0,,,0,0,0,,,,,,,,,,,,,2026-06-19 21:31:51.174 -0300,2026-06-19 21:31:51.174 -0300,0.0
8745,,"5352601","5352601",2026-06-13,Sorocaba,"005140",,0.0,0.0,0.0,,7061.490000000001,,,479,430,909,0,0,,,0,0,0,,,,,,,,,,,,,2026-06-19 21:31:51.174 -0300,2026-06-19 21:31:51.174 -0300,0.0
8568,,"5352149","5352149",2026-06-10,Sorocaba,"000632",,0.0,0.0,0.0,,11640.039999999997,,,941,575,1516,0,0,,,0,0,0,,,,,,,,,,,,,2026-06-19 21:31:51.174 -0300,2026-06-19 21:31:51.174 -0300,0.0
8670,,"5352450","5352450",2026-06-11,Sorocaba,"000582",,0.0,0.0,0.0,,1939.5400000000002,,,78,169,247,0,0,,,0,0,0,,,,,,,,,,,,,2026-06-19 21:31:51.174 -0300,2026-06-19 21:31:51.174 -0300,0.0
8815,,"5352798","5352798",2026-06-13,Sorocaba,"000566",CESARIO 3,100.0,100.0,0.0,Finalizado pelo Operador,2721.3733333333334,,,134,172,304,0,0,JULIO CESAR TAVARES,52.30,0,0,0,,,,,,,,,,,,4.68,2026-06-19 21:31:51.174 -0300,2026-06-19 21:31:51.174 -0300,52.3
8821,,"5352804","5352804",2026-06-13,Sorocaba,"000575",,0.0,0.0,0.0,,3075.62,,,358,140,498,0,0,,,0,0,0,,,,,,,,,,,,,2026-06-19 21:31:51.174 -0300,2026-06-19 21:31:51.174 -0300,0.0
8818,,"5352801","5352801",2026-06-13,Sorocaba,"000569",,0.0,0.0,0.0,,730.3000000000001,,,22,63,85,0,0,,,0,0,0,,,,,,,,,,,,,2026-06-19 21:31:51.174 -0300,2026-06-19 21:31:51.174 -0300,0.0
8674,,"5352454","5352454",2026-06-11,Sorocaba,"000595",,0.0,0.0,0.0,,4805.62,,,317,264,581,0,0,,,0,0,0,,,,,,,,,,,,,2026-06-19 21:31:51.174 -0300,2026-06-19 21:31:51.174 -0300,0.0
8672,,"5352452","5352452",2026-06-11,Sorocaba,"000593",,0.0,0.0,0.0,,3255.87,,,144,343,487,0,0,,,0,0,0,,,,,,,,,,,,,2026-06-19 21:31:51.174 -0300,2026-06-19 21:31:51.174 -0300,0.0
8873,,"5352843","5352843",2026-06-15,Sorocaba,"004026",,0.0,0.0,0.0,,7114.74,,,416,444,860,0,0,,,0,0,0,,,,,,,,,,,,,2026-06-19 21:31:51.174 -0300,2026-06-19 21:31:51.174 -0300,0.0
8820,,"5352803","5352803",2026-06-13,Sorocaba,"000574",,0.0,0.0,0.0,,2174.876666666667,,,86,205,287,0,0,,,0,0,0,,,,,,,,,,,,,2026-06-19 21:31:51.174 -0300,2026-06-19 21:31:51.174 -0300,0.0
8823,,"5352806","5352806",2026-06-13,Sorocaba,"000593",,0.0,0.0,0.0,,2527.2800000000007,,,99,341,440,0,0,,,0,0,0,,,,,,,,,,,,,2026-06-19 21:31:51.174 -0300,2026-06-19 21:31:51.174 -0300,0.0
8814,,"5352797","5352797",2026-06-13,Sorocaba,"000564",CESARIO 3,100.0,100.0,0.0,Finalizado pelo Operador,1850.49,,,94,197,291,0,0,ERIVELTO BATISTA DA SILVA,56.78,0,0,0,,,,,,,,,,,,4.68,2026-06-19 21:31:51.174 -0300,2026-06-19 21:31:51.174 -0300,56.78
8895,,"5352978","5352978",2026-06-16,Sorocaba,"000579",,0.0,0.0,0.0,,5809.27,,,422,250,672,0,0,,,0,0,0,,,,,,,,,,,,,2026-06-19 21:31:51.174 -0300,2026-06-19 21:31:51.174 -0300,0.0
8915,,"5353014","5353014",2026-06-16,Sorocaba,"000564",,0.0,0.0,0.0,,4651.076666666667,,,265,172,435,0,0,,,0,0,0,,,,,,,,,,,,,2026-06-19 21:31:51.174 -0300,2026-06-19 21:31:51.174 -0300,0.0
8917,,"5353016","5353016",2026-06-16,Sorocaba,"000565",,0.0,0.0,0.0,,7325.23,,,407,560,967,0,0,,,0,0,0,,,,,,,,,,,,,2026-06-19 21:31:51.174 -0300,2026-06-19 21:31:51.174 -0300,0.0
8912,,"5353011","5353011",2026-06-16,Sorocaba,"000554",,0.0,0.0,0.0,,7225.778333333334,,,597,194,785,0,0,,,0,0,0,,,,,,,,,,,,,2026-06-19 21:31:51.174 -0300,2026-06-19 21:31:51.174 -0300,0.0
8916,,"5353015","5353015",2026-06-16,Sorocaba,"000564",,0.0,0.0,0.0,,436.46000000000004,,,17,38,55,0,0,,,0,0,0,,,,,,,,,,,,,2026-06-19 21:31:51.174 -0300,2026-06-19 21:31:51.174 -0300,0.0
9035,,"5353258","5353258",2026-06-17,Sorocaba,"000623",,0.0,0.0,0.0,,5709.540000000001,,,370,311,681,0,0,,,0,0,0,,,,,,,,,,,,,2026-06-19 21:31:51.174 -0300,2026-06-19 21:31:51.174 -0300,0.0
8694,,"5352438","5352438",2026-06-11,Sorocaba,"004113",,0.0,0.0,0.0,,7711.370000000001,,,470,581,1051,0,0,,,0,0,0,,,,,,,,,,,,,2026-06-19 21:31:51.174 -0300,2026-06-19 21:31:51.174 -0300,0.0
9034,,"5353257","5353257",2026-06-17,Sorocaba,"000622",,0.0,0.0,0.0,,4558.17,,,309,91,400,0,0,,,0,0,0,,,,,,,,,,,,,2026-06-19 21:31:51.174 -0300,2026-06-19 21:31:51.174 -0300,0.0
9038,,"5353261","5353261",2026-06-17,Sorocaba,"000632",,0.0,0.0,0.0,,16245.069999999998,,,878,1855,2733,0,0,,,0,0,0,,,,,,,,,,,,,2026-06-19 21:31:51.174 -0300,2026-06-19 21:31:51.174 -0300,0.0
8691,,"5352435","5352435",2026-06-11,Sorocaba,"004107",,0.0,0.0,0.0,,9110.98,,,614,616,1230,0,0,,,0,0,0,,,,,,,,,,,,,2026-06-19 21:31:51.174 -0300,2026-06-19 21:31:51.174 -0300,0.0
8564,,"5352143","5352143",2026-06-10,Sorocaba,"000712",,0.0,0.0,0.0,,30280.010000000006,,,2306,1268,3574,0,0,,,0,0,0,,,,,,,,,,,,,2026-06-19 21:31:51.174 -0300,2026-06-19 21:31:51.174 -0300,0.0
8684,,"5352431","5352431",2026-06-11,Sorocaba,"000245",,0.0,0.0,0.0,,4835.01,,,274,341,615,0,0,,,0,0,0,,,,,,,,,,,,,2026-06-19 21:31:51.174 -0300,2026-06-19 21:31:51.174 -0300,0.0
9040,,"5353263","5353263",2026-06-17,Sorocaba,"000639",,0.0,0.0,0.0,,14158.8,,,1080,,1080,0,0,,,0,0,0,,,,,,,,,,,,,2026-06-19 21:31:51.174 -0300,2026-06-19 21:31:51.174 -0300,0.0
8563,,"5352148","5352148",2026-06-10,Sorocaba,"000632",,0.0,0.0,0.0,,18428.09,,,867,2191,3058,0,0,,,0,0,0,,,,,,,,,,,,,2026-06-19 21:31:51.174 -0300,2026-06-19 21:31:51.174 -0300,0.0
9041,,"5353264","5353264",2026-06-17,Sorocaba,"000639",,0.0,0.0,0.0,,12061.2,,,920,,920,0,0,,,0,0,0,,,,,,,,,,,,,2026-06-19 21:31:51.174 -0300,2026-06-19 21:31:51.174 -0300,0.0
8567,,"5352146","5352146",2026-06-10,Sorocaba,"004026",,0.0,0.0,0.0,,8213.35,,,458,971,1429,0,0,,,0,0,0,,,,,,,,,,,,,2026-06-19 21:31:51.174 -0300,2026-06-19 21:31:51.174 -0300,0.0
8676,,"5352447","5352447",2026-06-11,Sorocaba,"000580",,0.0,0.0,0.0,,6626.2300000000005,,,460,249,709,0,0,,,0,0,0,,,,,,,,,,,,,2026-06-19 21:31:51.174 -0300,2026-06-19 21:31:51.174 -0300,0.0
8565,,"5352144","5352144",2026-06-10,Sorocaba,"004006",,0.0,0.0,0.0,,7363.54,,,490,488,978,0,0,,,0,0,0,,,,,,,,,,,,,2026-06-19 21:31:51.174 -0300,2026-06-19 21:31:51.174 -0300,0.0
8686,,"5352433","5352433",2026-06-11,Sorocaba,"004021",,0.0,0.0,0.0,,8737.4,,,183,1914,2097,0,0,,,0,0,0,,,,,,,,,,,,,2026-06-19 21:31:51.174 -0300,2026-06-19 21:31:51.174 -0300,0.0
8656,,"5352341","5352341",2026-06-11,Sorocaba,"000632",,0.0,0.0,0.0,,35235.78,,,2232,2696,4928,0,0,,,0,0,0,,,,,,,,,,,,,2026-06-19 21:31:51.174 -0300,2026-06-19 21:31:51.174 -0300,0.0
8757,,"5352623","5352623",2026-06-12,Sorocaba,"000579",,0.0,0.0,0.0,,9068.050000000001,,,530,537,1067,0,0,,,0,0,0,,,,,,,,,,,,,2026-06-19 21:31:51.174 -0300,2026-06-19 21:31:51.174 -0300,0.0
8753,,"5352619","5352619",2026-06-12,Sorocaba,"000554",,0.0,0.0,0.0,,2939.046666666667,,,155,248,402,0,0,,,0,0,0,,,,,,,,,,,,,2026-06-19 21:31:51.174 -0300,2026-06-19 21:31:51.174 -0300,0.0
8681,,"5352445","5352445",2026-06-11,Sorocaba,"000577",,0.0,0.0,0.0,,5746.81,,,218,410,628,0,0,,,0,0,0,,,,,,,,,,,,,2026-06-19 21:31:51.174 -0300,2026-06-19 21:31:51.174 -0300,0.0
8755,,"5352621","5352621",2026-06-12,Sorocaba,"000566",,0.0,0.0,0.0,,3587.5999999999995,,,160,411,569,0,0,,,0,0,0,,,,,,,,,,,,,2026-06-19 21:31:51.174 -0300,2026-06-19 21:31:51.174 -0300,0.0
8688,,"5352440","5352440",2026-06-11,Sorocaba,"000566",,0.0,0.0,0.0,,5415.179999999999,,,256,538,794,0,0,,,0,0,0,,,,,,,,,,,,,2026-06-19 21:31:51.174 -0300,2026-06-19 21:31:51.174 -0300,0.0
8827,,"5352780","5352780",2026-06-15,Sorocaba,"003405",,0.0,0.0,0.0,,4266.2300000000005,,,246,427,673,0,0,,,0,0,0,,,,,,,,,,,,,2026-06-19 21:31:51.174 -0300,2026-06-19 21:31:51.174 -0300,0.0
8679,,"5352443","5352443",2026-06-11,Sorocaba,"000574",,0.0,0.0,0.0,,8647.130000000001,,,531,294,825,0,0,,,0,0,0,,,,,,,,,,,,,2026-06-19 21:31:51.174 -0300,2026-06-19 21:31:51.174 -0300,0.0
8747,,"5352613","5352613",2026-06-12,Sorocaba,"000244",CESARIO 3,83.33,83.33,0.0,Finalizado pelo Operador,4883.22,,,298,323,621,0,0,JULIO CESAR TAVARES,64.58,0,0,0,,,,,,,,,,,,8.63,2026-06-19 21:31:51.174 -0300,2026-06-19 21:31:51.174 -0300,64.58
8829,,"5352782","5352782",2026-06-15,Sorocaba,"004925",,0.0,0.0,0.0,,6869.299999999999,,,404,569,973,0,0,,,0,0,0,,,,,,,,,,,,,2026-06-19 21:31:51.174 -0300,2026-06-19 21:31:51.174 -0300,0.0
8877,,"5352867","5352867",2026-06-15,Sorocaba,"000712",,0.0,0.0,0.0,,31965.29999999999,,,4420,405,4825,0,0,,,0,0,0,,,,,,,,,,,,,2026-06-19 21:31:51.174 -0300,2026-06-19 21:31:51.174 -0300,0.0
8866,,"5352865","5352865",2026-06-15,Sorocaba,"000639",,0.0,0.0,0.0,,16872.57,,,1287,,1287,0,0,,,0,0,0,,,,,,,,,,,,,2026-06-19 21:31:51.174 -0300,2026-06-19 21:31:51.174 -0300,0.0
8831,,"5352784","5352784",2026-06-15,Sorocaba,"007157",,0.0,0.0,0.0,,4612.66,,,390,491,881,0,0,,,0,0,0,,,,,,,,,,,,,2026-06-19 21:31:51.174 -0300,2026-06-19 21:31:51.174 -0300,0.0
8876,,"5352866","5352866",2026-06-15,Sorocaba,"000712",,0.0,0.0,0.0,,36232.06999999999,,,2600,649,3249,0,0,,,0,0,0,,,,,,,,,,,,,2026-06-19 21:31:51.174 -0300,2026-06-19 21:31:51.174 -0300,0.0
8484,,"5351929","5351929",2026-06-09,Sorocaba,"004009",,0.0,0.0,0.0,,7989.26,,,560,926,1486,0,0,,,0,0,0,,,,,,,,,,,,,2026-06-19 21:31:51.174 -0300,2026-06-19 21:31:51.174 -0300,0.0
9042,,"5353265","5353265",2026-06-17,Sorocaba,"000712",,0.0,0.0,0.0,,29936.520000000008,,,2660,2591,5251,0,0,,,0,0,0,,,,,,,,,,,,,2026-06-19 21:31:51.174 -0300,2026-06-19 21:31:51.174 -0300,0.0
8583,,"5352238","5352238",2026-06-10,Sorocaba,"006935",,0.0,0.0,0.0,,2558.08,,,166,151,317,0,0,,,0,0,0,,,,,,,,,,,,,2026-06-19 21:31:51.174 -0300,2026-06-19 21:31:51.174 -0300,0.0
8569,,"5352213","5352213",2026-06-09,Sorocaba,"000056",,0.0,0.0,0.0,,209.06999999999994,,,,49,49,0,0,,,0,0,0,,,,,,,,,,,,,2026-06-19 21:31:51.174 -0300,2026-06-19 21:31:51.174 -0300,0.0
8678,,"5352442","5352442",2026-06-11,Sorocaba,"000573",,0.0,0.0,0.0,,4890.26,,,132,990,1122,0,0,,,0,0,0,,,,,,,,,,,,,2026-06-19 21:31:51.174 -0300,2026-06-19 21:31:51.174 -0300,0.0
8630,,"5352297","5352297",2026-06-10,Sorocaba,"004003",,0.0,0.0,0.0,,5774.0633333333335,,,294,559,852,0,0,,,0,0,0,,,,,,,,,,,,,2026-06-19 21:31:51.174 -0300,2026-06-19 21:31:51.174 -0300,0.0
8650,,"5352294","5352294",2026-06-11,Sorocaba,"000564",,0.0,0.0,0.0,Sequenciamento,6283.370000000001,,,368,386,748,0,0,,,0,0,0,,,,,,,,,,,,,2026-06-19 21:31:51.174 -0300,2026-06-19 21:31:51.174 -0300,0.0
8748,,"5352614","5352614",2026-06-12,Sorocaba,"004108",,0.0,0.0,0.0,,6217.54,,,458,66,524,0,0,,,0,0,0,,,,,,,,,,,,,2026-06-19 21:31:51.174 -0300,2026-06-19 21:31:51.174 -0300,0.0
8570,,"5352222","5352222",2026-06-10,Sorocaba,"004885",,0.0,0.0,0.0,,3855.7000000000003,,,99,637,736,0,0,,,0,0,0,,,,,,,,,,,,,2026-06-19 21:31:51.174 -0300,2026-06-19 21:31:51.174 -0300,0.0
8680,,"5352444","5352444",2026-06-11,Sorocaba,"000575",,0.0,0.0,0.0,,9487.7,,,530,582,1112,0,0,,,0,0,0,,,,,,,,,,,,,2026-06-19 21:31:51.174 -0300,2026-06-19 21:31:51.174 -0300,0.0
8577,,"5352229","5352229",2026-06-10,Sorocaba,"000566",,0.0,0.0,0.0,,1773.8000000000002,,,101,174,275,0,0,,,0,0,0,,,,,,,,,,,,,2026-06-19 21:31:51.174 -0300,2026-06-19 21:31:51.174 -0300,0.0
8754,,"5352620","5352620",2026-06-12,Sorocaba,"000564",,0.0,0.0,0.0,,5375.040000000001,,,296,406,702,0,0,,,0,0,0,,,,,,,,,,,,,2026-06-19 21:31:51.174 -0300,2026-06-19 21:31:51.174 -0300,0.0
8677,,"5352448","5352448",2026-06-11,Sorocaba,"000580",,0.0,0.0,0.0,,1059.91,,,33,122,155,0,0,,,0,0,0,,,,,,,,,,,,,2026-06-19 21:31:51.174 -0300,2026-06-19 21:31:51.174 -0300,0.0
8750,,"5352616","5352616",2026-06-12,Sorocaba,"000528",CESARIO 3,100.0,100.0,0.0,Finalizado pelo Operador,4540.92,,,223,637,860,0,0,EDIMAR DE ALMEIDA DELFINO,67.00,0,0,0,,,,,,,,,,,,8.63,2026-06-19 21:31:51.174 -0300,2026-06-19 21:31:51.174 -0300,67.0
8759,,"5352625","5352625",2026-06-12,Sorocaba,"000593",,0.0,0.0,0.0,,4951.290000000001,,,316,460,776,0,0,,,0,0,0,,,,,,,,,,,,,2026-06-19 21:31:51.174 -0300,2026-06-19 21:31:51.174 -0300,0.0
8756,,"5352622","5352622",2026-06-12,Sorocaba,"000569",,0.0,0.0,0.0,,7434.47,,,454,388,842,0,0,,,0,0,0,,,,,,,,,,,,,2026-06-19 21:31:51.174 -0300,2026-06-19 21:31:51.174 -0300,0.0
8828,,"5352781","5352781",2026-06-15,Sorocaba,"004885",,0.0,0.0,0.0,,2416.27,,,124,263,387,0,0,,,0,0,0,,,,,,,,,,,,,2026-06-19 21:31:51.174 -0300,2026-06-19 21:31:51.174 -0300,0.0
8758,,"5352624","5352624",2026-06-12,Sorocaba,"000621",,0.0,0.0,0.0,,5863.76,,,284,861,1145,0,0,,,0,0,0,,,,,,,,,,,,,2026-06-19 21:31:51.174 -0300,2026-06-19 21:31:51.174 -0300,0.0
8878,,"5352823","5352823",2026-06-15,Sorocaba,"000596",,0.0,0.0,0.0,,7734.560000000001,,,414,598,1012,0,0,,,0,0,0,,,,,,,,,,,,,2026-06-19 21:31:51.174 -0300,2026-06-19 21:31:51.174 -0300,0.0
8830,,"5352783","5352783",2026-06-15,Sorocaba,"005064",,0.0,0.0,0.0,,6132.759999999999,,,380,466,846,0,0,,,0,0,0,,,,,,,,,,,,,2026-06-19 21:31:51.174 -0300,2026-06-19 21:31:51.174 -0300,0.0
8901,,"5352984","5352984",2026-06-16,Sorocaba,"006495",,0.0,0.0,0.0,,8632.15,,,503,679,1182,0,0,,,0,0,0,,,,,,,,,,,,,2026-06-19 21:31:51.174 -0300,2026-06-19 21:31:51.174 -0300,0.0
8896,,"5352979","5352979",2026-06-16,Sorocaba,"003405",,0.0,0.0,0.0,,6303.800000000001,,,306,856,1162,0,0,,,0,0,0,,,,,,,,,,,,,2026-06-19 21:31:51.174 -0300,2026-06-19 21:31:51.174 -0300,0.0
8899,,"5352982","5352982",2026-06-16,Sorocaba,"004925",,0.0,0.0,0.0,,7551.1866666666665,,,422,683,1100,0,0,,,0,0,0,,,,,,,,,,,,,2026-06-19 21:31:51.174 -0300,2026-06-19 21:31:51.174 -0300,0.0
8898,,"5352981","5352981",2026-06-16,Sorocaba,"003405",,0.0,0.0,0.0,,524.5370833333334,,,19,92,109,0,0,,,0,0,0,,,,,,,,,,,,,2026-06-19 21:31:51.174 -0300,2026-06-19 21:31:51.174 -0300,0.0
8571,,"5352223","5352223",2026-06-10,Sorocaba,"006935",,0.0,0.0,0.0,,7691.799999999999,,,597,580,1177,0,0,,,0,0,0,,,,,,,,,,,,,2026-06-19 21:31:51.174 -0300,2026-06-19 21:31:51.174 -0300,0.0
9043,,"5353276","5353276",2026-06-18,Sorocaba,"000555",,0.0,0.0,0.0,,7481.549999999999,,,401,748,1149,0,0,,,0,0,0,,,,,,,,,,,,,2026-06-19 21:31:51.174 -0300,2026-06-19 21:31:51.174 -0300,0.0
9045,,"5353279","5353279",2026-06-18,Sorocaba,"000621",,0.0,0.0,0.0,,17780.98,,,1594,,1594,0,0,,,0,0,0,,,,,,,,,,,,,2026-06-19 21:31:51.174 -0300,2026-06-19 21:31:51.174 -0300,0.0
8483,,"5351888","5351888",2026-06-08,Sorocaba,"000596",,0.0,0.0,0.0,,117245.44000000003,,,5728,8640,14368,0,0,,,0,0,0,,,,,,,,,,,,,2026-06-19 21:31:51.174 -0300,2026-06-19 21:31:51.174 -0300,0.0
8486,,"5351931","5351931",2026-06-09,Sorocaba,"004104",,0.0,0.0,0.0,,1574.2000000000003,,,65,292,357,0,0,,,0,0,0,,,,,,,,,,,,,2026-06-19 21:31:51.174 -0300,2026-06-19 21:31:51.174 -0300,0.0
8576,,"5352228","5352228",2026-06-10,Sorocaba,"000564",,0.0,0.0,0.0,,5878.160000000001,,,142,700,842,0,0,,,0,0,0,,,,,,,,,,,,,2026-06-19 21:31:51.174 -0300,2026-06-19 21:31:51.174 -0300,0.0
8631,,"5352343","5352343",2026-06-10,Sorocaba,"005005",,0.0,0.0,0.0,,4730.88,,,,1056,1056,0,0,,,0,0,0,,,,,,,,,,,,,2026-06-19 21:31:51.174 -0300,2026-06-19 21:31:51.174 -0300,0.0
8687,,"5352439","5352439",2026-06-11,Sorocaba,"000565",,0.0,0.0,0.0,,8125.815000000002,,,414,615,1028,0,0,,,0,0,0,,,,,,,,,,,,,2026-06-19 21:31:51.174 -0300,2026-06-19 21:31:51.174 -0300,0.0
8573,,"5352225","5352225",2026-06-10,Sorocaba,"009925",,0.0,0.0,0.0,,6165.205,,,348,658,1003,0,0,,,0,0,0,,,,,,,,,,,,,2026-06-19 21:31:51.174 -0300,2026-06-19 21:31:51.174 -0300,0.0
8575,,"5352227","5352227",2026-06-10,Sorocaba,"000542",,0.0,0.0,0.0,,5895.536666666667,,,349,300,648,0,0,,,0,0,0,,,,,,,,,,,,,2026-06-19 21:31:51.174 -0300,2026-06-19 21:31:51.174 -0300,0.0
8580,,"5352235","5352235",2026-06-10,Sorocaba,"005064",,0.0,0.0,0.0,,3555.08,,,155,439,594,0,0,,,0,0,0,,,,,,,,,,,,,2026-06-19 21:31:51.174 -0300,2026-06-19 21:31:51.174 -0300,0.0
8685,,"5352432","5352432",2026-06-11,Sorocaba,"004018",,0.0,0.0,0.0,,16548.71,,,691,2488,3179,0,0,,,0,0,0,,,,,,,,,,,,,2026-06-19 21:31:51.174 -0300,2026-06-19 21:31:51.174 -0300,0.0
8682,,"5352446","5352446",2026-06-11,Sorocaba,"000579",,0.0,0.0,0.0,,2941.43,,,168,313,481,0,0,,,0,0,0,,,,,,,,,,,,,2026-06-19 21:31:51.174 -0300,2026-06-19 21:31:51.174 -0300,0.0
8613,,"5352298","5352298",2026-06-10,Sorocaba,"004005",,0.0,0.0,0.0,,5059.93,,,88,968,1056,0,0,,,0,0,0,,,,,,,,,,,,,2026-06-19 21:31:51.174 -0300,2026-06-19 21:31:51.174 -0300,0.0
8657,,"5352342","5352342",2026-06-11,Sorocaba,"000639",,0.0,0.0,0.0,,18812.3,,,496,3836,4332,0,0,,,0,0,0,,,,,,,,,,,,,2026-06-19 21:31:51.174 -0300,2026-06-19 21:31:51.174 -0300,0.0
8751,,"5352617","5352617",2026-06-12,Sorocaba,"000528",,0.0,0.0,0.0,,1790.448333333334,,,55,215,269,0,0,,,0,0,0,,,,,,,,,,,,,2026-06-19 21:31:51.174 -0300,2026-06-19 21:31:51.174 -0300,0.0
8693,,"5352437","5352437",2026-06-11,Sorocaba,"004109",,0.0,0.0,0.0,,7990.4400000000005,,,611,468,1079,0,0,,,0,0,0,,,,,,,,,,,,,2026-06-19 21:31:51.174 -0300,2026-06-19 21:31:51.174 -0300,0.0
8749,,"5352615","5352615",2026-06-12,Sorocaba,"000527",,0.0,0.0,0.0,,10540.88,,,1664,,1664,0,0,,,0,0,0,,,,,,,,,,,,,2026-06-19 21:31:51.174 -0300,2026-06-19 21:31:51.174 -0300,0.0
8690,,"5352434","5352434",2026-06-11,Sorocaba,"004104",,0.0,0.0,0.0,,4920.63,,,351,331,682,0,0,,,0,0,0,,,,,,,,,,,,,2026-06-19 21:31:51.174 -0300,2026-06-19 21:31:51.174 -0300,0.0
8683,,"5352430","5352430",2026-06-11,Sorocaba,"000244",,0.0,0.0,0.0,,4047.42,,,198,377,575,0,0,,,0,0,0,,,,,,,,,,,,,2026-06-19 21:31:51.174 -0300,2026-06-19 21:31:51.174 -0300,0.0
8689,,"5352441","5352441",2026-06-11,Sorocaba,"000569",,0.0,0.0,0.0,,4408.06,,,209,406,615,0,0,,,0,0,0,,,,,,,,,,,,,2026-06-19 21:31:51.174 -0300,2026-06-19 21:31:51.174 -0300,0.0
8692,,"5352436","5352436",2026-06-11,Sorocaba,"004108",,0.0,0.0,0.0,,11891.5,,,390,2560,2950,0,0,,,0,0,0,,,,,,,,,,,,,2026-06-19 21:31:51.174 -0300,2026-06-19 21:31:51.174 -0300,0.0
8485,,"5351930","5351930",2026-06-09,Sorocaba,"004100",,0.0,0.0,0.0,,10193.1,,,740,574,1314,0,0,,,0,0,0,,,,,,,,,,,,,2026-06-19 21:31:51.174 -0300,2026-06-19 21:31:51.174 -0300,0.0
8574,,"5352226","5352226",2026-06-10,Sorocaba,"000540",,0.0,0.0,0.0,,6006.031666666667,,,389,351,735,0,0,,,0,0,0,,,,,,,,,,,,,2026-06-19 21:31:51.174 -0300,2026-06-19 21:31:51.174 -0300,0.0
8572,,"5352224","5352224",2026-06-10,Sorocaba,"009924",,0.0,0.0,0.0,,5759.921666666668,,,244,472,715,0,0,,,0,0,0,,,,,,,,,,,,,2026-06-19 21:31:51.174 -0300,2026-06-19 21:31:51.174 -0300,0.0
8833,,"5352777","5352777",2026-06-13,Sorocaba,"005005",,0.0,0.0,0.0,,30750.720000000012,,,,6864,6864,0,0,,,0,0,0,,,,,,,,,,,,,2026-06-19 21:31:51.174 -0300,2026-06-19 21:31:51.174 -0300,0.0
8695,,"5352487","5352487",2026-06-11,Sorocaba,"000608",,0.0,0.0,0.0,,932.6600000000003,,,57,111,168,0,0,,,0,0,0,,,,,,,,,,,,,2026-06-19 21:31:51.174 -0300,2026-06-19 21:31:51.174 -0300,0.0
8879,,"5352872","5352872",2026-06-16,Sorocaba,"000588",,0.0,0.0,0.0,,11505.659999999998,,,620,1498,2118,0,0,,,0,0,0,,,,,,,,,,,,,2026-06-19 21:31:51.174 -0300,2026-06-19 21:31:51.174 -0300,0.0
8578,,"5352232","5352232",2026-06-10,Sorocaba,"003405",,0.0,0.0,0.0,,3801.4500000000003,,,230,212,442,0,0,,,0,0,0,,,,,,,,,,,,,2026-06-19 21:31:51.174 -0300,2026-06-19 21:31:51.174 -0300,0.0
8696,,"5352488","5352488",2026-06-11,Sorocaba,"000620",,0.0,0.0,0.0,,55102.95,,,2790,7563,10353,0,0,,,0,0,0,,,,,,,,,,,,,2026-06-19 21:31:51.174 -0300,2026-06-19 21:31:51.174 -0300,0.0
8639,,"5352345","5352345",2026-06-10,Sorocaba,"005005",,0.0,0.0,0.0,,30750.720000000012,,,,6864,6864,0,0,,,0,0,0,,,,,,,,,,,,,2026-06-19 21:31:51.174 -0300,2026-06-19 21:31:51.174 -0300,0.0
8582,,"5352231","5352231",2026-06-10,Sorocaba,"003405",,0.0,0.0,0.0,,5983.600000000001,,,126,1136,1262,0,0,,,0,0,0,,,,,,,,,,,,,2026-06-19 21:31:51.174 -0300,2026-06-19 21:31:51.174 -0300,0.0
8699,,"5352491","5352491",2026-06-11,Sorocaba,"000623",,0.0,0.0,0.0,,3124.7000000000003,,,198,270,468,0,0,,,0,0,0,,,,,,,,,,,,,2026-06-19 21:31:51.174 -0300,2026-06-19 21:31:51.174 -0300,0.0
8832,,"5352776","5352776",2026-06-13,Sorocaba,"005005",,0.0,0.0,0.0,,30750.720000000012,,,,6864,6864,0,0,,,0,0,0,,,,,,,,,,,,,2026-06-19 21:31:51.174 -0300,2026-06-19 21:31:51.174 -0300,0.0
8654,,"5352339","5352339",2026-06-11,Sorocaba,"000622",,0.0,0.0,0.0,,34252.659999999996,,,1852,7108,8960,0,0,,,0,0,0,,,,,,,,,,,,,2026-06-19 21:31:51.174 -0300,2026-06-19 21:31:51.174 -0300,0.0
8698,,"5352490","5352490",2026-06-11,Sorocaba,"000622",,0.0,0.0,0.0,,18524.489999999998,,,1055,871,1926,0,0,,,0,0,0,,,,,,,,,,,,,2026-06-19 21:31:51.174 -0300,2026-06-19 21:31:51.174 -0300,0.0
8883,,"5352876","5352876",2026-06-16,Sorocaba,"000639",,0.0,0.0,0.0,,16387.5,,,1250,,1250,0,0,,,0,0,0,,,,,,,,,,,,,2026-06-19 21:31:51.174 -0300,2026-06-19 21:31:51.174 -0300,0.0
8697,,"5352489","5352489",2026-06-11,Sorocaba,"000621",,0.0,0.0,0.0,,20808.6,,,1560,,1560,0,0,,,0,0,0,,,,,,,,,,,,,2026-06-19 21:31:51.174 -0300,2026-06-19 21:31:51.174 -0300,0.0
8882,,"5352875","5352875",2026-06-16,Sorocaba,"000622",,0.0,0.0,0.0,,16767.69,,,1279,,1279,0,0,,,0,0,0,,,,,,,,,,,,,2026-06-19 21:31:51.174 -0300,2026-06-19 21:31:51.174 -0300,0.0
8752,,"5352618","5352618",2026-06-12,Sorocaba,"000542",,0.0,0.0,0.0,,9424.695000000002,,,549,1008,1556,0,0,,,0,0,0,,,,,,,,,,,,,2026-06-19 21:31:51.174 -0300,2026-06-19 21:31:51.174 -0300,0.0
8884,,"5352877","5352877",2026-06-16,Sorocaba,"000639",,0.0,0.0,0.0,,16518.6,,,1260,,1260,0,0,,,0,0,0,,,,,,,,,,,,,2026-06-19 21:31:51.174 -0300,2026-06-19 21:31:51.174 -0300,0.0
8835,,"5352779","5352779",2026-06-13,Sorocaba,"005005",,0.0,0.0,0.0,,31730.400000000016,,,,14040,14040,0,0,,,0,0,0,,,,,,,,,,,,,2026-06-19 21:31:51.174 -0300,2026-06-19 21:31:51.174 -0300,0.0
8834,,"5352778","5352778",2026-06-13,Sorocaba,"005005",,0.0,0.0,0.0,,30750.720000000012,,,,6864,6864,0,0,,,0,0,0,,,,,,,,,,,,,2026-06-19 21:31:51.174 -0300,2026-06-19 21:31:51.174 -0300,0.0
8900,,"5352983","5352983",2026-06-16,Sorocaba,"005064",,0.0,0.0,0.0,,7238.7300000000005,,,304,749,1053,0,0,,,0,0,0,,,,,,,,,,,,,2026-06-19 21:31:51.174 -0300,2026-06-19 21:31:51.174 -0300,0.0
8886,,"5352880","5352880",2026-06-16,Sorocaba,"004103",,0.0,0.0,0.0,,4959.0,,,297,317,614,0,0,,,0,0,0,,,,,,,,,,,,,2026-06-19 21:31:51.174 -0300,2026-06-19 21:31:51.174 -0300,0.0
8880,,"5352873","5352873",2026-06-16,Sorocaba,"000620",,0.0,0.0,0.0,,16917.89,,,905,1402,2307,0,0,,,0,0,0,,,,,,,,,,,,,2026-06-19 21:31:51.174 -0300,2026-06-19 21:31:51.174 -0300,0.0
8897,,"5352980","5352980",2026-06-16,Sorocaba,"003405",,0.0,0.0,0.0,,6090.620000000001,,,348,710,1058,0,0,,,0,0,0,,,,,,,,,,,,,2026-06-19 21:31:51.174 -0300,2026-06-19 21:31:51.174 -0300,0.0
8885,,"5352879","5352879",2026-06-16,Sorocaba,"004101",,0.0,0.0,0.0,,3047.0099999999998,,,201,236,437,0,0,,,0,0,0,,,,,,,,,,,,,2026-06-19 21:31:51.174 -0300,2026-06-19 21:31:51.174 -0300,0.0
8919,,"5353018","5353018",2026-06-16,Sorocaba,"000577",,0.0,0.0,0.0,,10146.460000000001,,,915,821,1736,0,0,,,0,0,0,,,,,,,,,,,,,2026-06-19 21:31:51.174 -0300,2026-06-19 21:31:51.174 -0300,0.0
8921,,"5353020","5353020",2026-06-16,Sorocaba,"000580",,0.0,0.0,0.0,,4847.39,,,277,386,663,0,0,,,0,0,0,,,,,,,,,,,,,2026-06-19 21:31:51.174 -0300,2026-06-19 21:31:51.174 -0300,0.0
8924,,"5353023","5353023",2026-06-16,Sorocaba,"000588",,0.0,0.0,0.0,,8865.63,,,609,513,1122,0,0,,,0,0,0,,,,,,,,,,,,,2026-06-19 21:31:51.174 -0300,2026-06-19 21:31:51.174 -0300,0.0
9044,,"5353278","5353278",2026-06-18,Sorocaba,"000588",,0.0,0.0,0.0,,7590.04,,,512,510,1022,0,0,,,0,0,0,,,,,,,,,,,,,2026-06-19 21:31:51.174 -0300,2026-06-19 21:31:51.174 -0300,0.0
8941,,"5353046","5353046",2026-06-16,Sorocaba,"000623",,0.0,0.0,0.0,,8173.860000000001,,,529,492,1021,0,0,,,0,0,0,,,,,,,,,,,,,2026-06-19 21:31:51.174 -0300,2026-06-19 21:31:51.174 -0300,0.0
8940,,"5353045","5353045",2026-06-16,Sorocaba,"000621",,0.0,0.0,0.0,,7818.28,,,501,548,1049,0,0,,,0,0,0,,,,,,,,,,,,,2026-06-19 21:31:51.174 -0300,2026-06-19 21:31:51.174 -0300,0.0
8938,,"5353043","5353043",2026-06-16,Sorocaba,"000620",,0.0,0.0,0.0,,4730.01,,,315,480,795,0,0,,,0,0,0,,,,,,,,,,,,,2026-06-19 21:31:51.174 -0300,2026-06-19 21:31:51.174 -0300,0.0
8946,,"5353051","5353051",2026-06-16,Sorocaba,"000632",,0.0,0.0,0.0,,10623.009999999998,,,110,2634,2744,0,0,,,0,0,0,,,,,,,,,,,,,2026-06-19 21:31:51.174 -0300,2026-06-19 21:31:51.174 -0300,0.0
8944,,"5353049","5353049",2026-06-16,Sorocaba,"000631",,0.0,0.0,0.0,,10388.67,,,390,1437,1827,0,0,,,0,0,0,,,,,,,,,,,,,2026-06-19 21:31:51.174 -0300,2026-06-19 21:31:51.174 -0300,0.0
9046,,"5353357","5353357",2026-06-18,Sorocaba,"003405",,0.0,0.0,0.0,,5988.39,,,379,227,606,0,0,,,0,0,0,,,,,,,,,,,,,2026-06-19 21:31:51.174 -0300,2026-06-19 21:31:51.174 -0300,0.0
8945,,"5353050","5353050",2026-06-16,Sorocaba,"000632",,0.0,0.0,0.0,,8447.390000000001,,,217,1607,1824,0,0,,,0,0,0,,,,,,,,,,,,,2026-06-19 21:31:51.174 -0300,2026-06-19 21:31:51.174 -0300,0.0
9053,,"5353364","5353364",2026-06-18,Sorocaba,"006975",,0.0,0.0,0.0,,6693.383333333333,,,308,750,1057,0,0,,,0,0,0,,,,,,,,,,,,,2026-06-19 21:31:51.174 -0300,2026-06-19 21:31:51.174 -0300,0.0
9039,,"5353262","5353262",2026-06-17,Sorocaba,"000632",,0.0,0.0,0.0,,51030.72,,,,21024,21024,0,0,,,0,0,0,,,,,,,,,,,,,2026-06-19 21:31:51.174 -0300,2026-06-19 21:31:51.174 -0300,0.0
9051,,"5353362","5353362",2026-06-18,Sorocaba,"006495",,0.0,0.0,0.0,,5480.93,,,300,446,746,0,0,,,0,0,0,,,,,,,,,,,,,2026-06-19 21:31:51.174 -0300,2026-06-19 21:31:51.174 -0300,0.0
9054,,"5353365","5353365",2026-06-18,Sorocaba,"009924",,0.0,0.0,0.0,,4119.76,,,238,271,509,0,0,,,0,0,0,,,,,,,,,,,,,2026-06-19 21:31:51.174 -0300,2026-06-19 21:31:51.174 -0300,0.0
8947,,"5353052","5353052",2026-06-16,Sorocaba,"000712",,0.0,0.0,0.0,,26857.59999999999,,,4800,2080,6880,0,0,,,0,0,0,,,,,,,,,,,,,2026-06-19 21:31:51.174 -0300,2026-06-19 21:31:51.174 -0300,0.0
8948,,"5353029","5353029",2026-06-17,Sorocaba,"000540",,0.0,0.0,0.0,,9192.26,,,642,100,742,0,0,,,0,0,0,,,,,,,,,,,,,2026-06-19 21:31:51.174 -0300,2026-06-19 21:31:51.174 -0300,0.0
9050,,"5353361","5353361",2026-06-18,Sorocaba,"005064",,0.0,0.0,0.0,,2906.3133333333335,,,185,392,574,0,0,,,0,0,0,,,,,,,,,,,,,2026-06-19 21:31:51.174 -0300,2026-06-19 21:31:51.174 -0300,0.0
8951,,"5353053","5353053",2026-06-17,Sorocaba,"004011",,0.0,0.0,0.0,,7807.71,,,892,360,1252,0,0,,,0,0,0,,,,,,,,,,,,,2026-06-19 21:31:51.174 -0300,2026-06-19 21:31:51.174 -0300,0.0
9047,,"5353358","5353358",2026-06-18,Sorocaba,"003405",,0.0,0.0,0.0,,7236.25,,,251,1068,1319,0,0,,,0,0,0,,,,,,,,,,,,,2026-06-19 21:31:51.174 -0300,2026-06-19 21:31:51.174 -0300,0.0
9055,,"5353366","5353366",2026-06-18,Sorocaba,"009925",,0.0,0.0,0.0,,5104.63,,,257,391,648,0,0,,,0,0,0,,,,,,,,,,,,,2026-06-19 21:31:51.174 -0300,2026-06-19 21:31:51.174 -0300,0.0
9048,,"5353359","5353359",2026-06-18,Sorocaba,"003405",,0.0,0.0,0.0,,634.1500000000001,,,28,71,99,0,0,,,0,0,0,,,,,,,,,,,,,2026-06-19 21:31:51.174 -0300,2026-06-19 21:31:51.174 -0300,0.0
8949,,"5353030","5353030",2026-06-17,Sorocaba,"000542",,0.0,0.0,0.0,,6077.330000000001,,,408,977,1385,0,0,,,0,0,0,,,,,,,,,,,,,2026-06-19 21:31:51.174 -0300,2026-06-19 21:31:51.174 -0300,0.0
8953,,"5353057","5353057",2026-06-17,Sorocaba,"000588",,0.0,0.0,0.0,,6299.580000000001,,,469,480,949,0,0,,,0,0,0,,,,,,,,,,,,,2026-06-19 21:31:51.174 -0300,2026-06-19 21:31:51.174 -0300,0.0
9052,,"5353363","5353363",2026-06-18,Sorocaba,"006935",,0.0,0.0,0.0,,6685.860000000001,,,429,327,756,0,0,,,0,0,0,,,,,,,,,,,,,2026-06-19 21:31:51.174 -0300,2026-06-19 21:31:51.174 -0300,0.0
9049,,"5353360","5353360",2026-06-18,Sorocaba,"004885",,0.0,0.0,0.0,,3856.1899999999996,,,252,291,543,0,0,,,0,0,0,,,,,,,,,,,,,2026-06-19 21:31:51.174 -0300,2026-06-19 21:31:51.174 -0300,0.0
8955,,"5353054","5353054",2026-06-17,Sorocaba,"004021",,0.0,0.0,0.0,,9060.150000000001,,,401,1377,1778,0,0,,,0,0,0,,,,,,,,,,,,,2026-06-19 21:31:51.174 -0300,2026-06-19 21:31:51.174 -0300,0.0
8957,,"5353151","5353151",2026-06-17,Sorocaba,"000566",,0.0,0.0,0.0,,6692.094166666667,,,443,318,760,0,0,,,0,0,0,,,,,,,,,,,,,2026-06-19 21:31:51.174 -0300,2026-06-19 21:31:51.174 -0300,0.0
9091,,"5353437","5353437",2026-06-18,Sorocaba,"005000",,0.0,0.0,0.0,,49308.66000000002,,,1474,10976,12450,0,0,,,0,0,0,,,,,,,,,,,,,2026-06-19 21:31:51.174 -0300,2026-06-19 21:31:51.174 -0300,0.0
9058,,"5353381","5353381",2026-06-18,Sorocaba,"000244",,0.0,0.0,0.0,,3965.8883333333333,,,206,314,518,0,0,,,0,0,0,,,,,,,,,,,,,2026-06-19 21:31:51.174 -0300,2026-06-19 21:31:51.174 -0300,0.0
8959,,"5353153","5353153",2026-06-17,Sorocaba,"000575",,0.0,0.0,0.0,,6186.509999999999,,,315,255,570,0,0,,,0,0,0,,,,,,,,,,,,,2026-06-19 21:31:51.174 -0300,2026-06-19 21:31:51.174 -0300,0.0
9064,,"5353387","5353387",2026-06-18,Sorocaba,"004104",,0.0,0.0,0.0,,5676.19,,,462,438,900,0,0,,,0,0,0,,,,,,,,,,,,,2026-06-19 21:31:51.174 -0300,2026-06-19 21:31:51.174 -0300,0.0
9065,,"5353388","5353388",2026-06-18,Sorocaba,"004106",,0.0,0.0,0.0,,5566.85,,,439,607,1046,0,0,,,0,0,0,,,,,,,,,,,,,2026-06-19 21:31:51.174 -0300,2026-06-19 21:31:51.174 -0300,0.0
9062,,"5353385","5353385",2026-06-18,Sorocaba,"004101",,0.0,0.0,0.0,,4418.3,,,328,278,606,0,0,,,0,0,0,,,,,,,,,,,,,2026-06-19 21:31:51.174 -0300,2026-06-19 21:31:51.174 -0300,0.0
9063,,"5353386","5353386",2026-06-18,Sorocaba,"004103",,0.0,0.0,0.0,,4643.43,,,223,233,454,0,0,,,0,0,0,,,,,,,,,,,,,2026-06-19 21:31:51.174 -0300,2026-06-19 21:31:51.174 -0300,0.0
8958,,"5353152","5353152",2026-06-17,Sorocaba,"000574",,0.0,0.0,0.0,,4027.086666666667,,,219,335,553,0,0,,,0,0,0,,,,,,,,,,,,,2026-06-19 21:31:51.174 -0300,2026-06-19 21:31:51.174 -0300,0.0
9061,,"5353384","5353384",2026-06-18,Sorocaba,"004100",,0.0,0.0,0.0,,5666.060000000001,,,321,195,516,0,0,,,0,0,0,,,,,,,,,,,,,2026-06-19 21:31:51.174 -0300,2026-06-19 21:31:51.174 -0300,0.0
9104,,"5353451","5353451",2026-06-18,Sorocaba,"000632",,0.0,0.0,0.0,,33234.56,,,1020,8876,9896,0,0,,,0,0,0,,,,,,,,,,,,,2026-06-19 21:31:51.174 -0300,2026-06-19 21:31:51.174 -0300,0.0
8960,,"5353154","5353154",2026-06-17,Sorocaba,"000580",,0.0,0.0,0.0,,8324.0,,,584,321,905,0,0,,,0,0,0,,,,,,,,,,,,,2026-06-19 21:31:51.174 -0300,2026-06-19 21:31:51.174 -0300,0.0
9059,,"5353382","5353382",2026-06-18,Sorocaba,"004006",,0.0,0.0,0.0,,7084.379999999999,,,680,243,923,0,0,,,0,0,0,,,,,,,,,,,,,2026-06-19 21:31:51.174 -0300,2026-06-19 21:31:51.174 -0300,0.0
9060,,"5353383","5353383",2026-06-18,Sorocaba,"004012",,0.0,0.0,0.0,,6828.490000000001,,,413,627,1040,0,0,,,0,0,0,,,,,,,,,,,,,2026-06-19 21:31:51.174 -0300,2026-06-19 21:31:51.174 -0300,0.0
8962,,"5353156","5353156",2026-06-17,Sorocaba,"004885",,0.0,0.0,0.0,,3395.1400000000003,,,131,478,609,0,0,,,0,0,0,,,,,,,,,,,,,2026-06-19 21:31:51.174 -0300,2026-06-19 21:31:51.174 -0300,0.0
9074,,"5353397","5353397",2026-06-18,Sorocaba,"000575",,0.0,0.0,0.0,,6153.300000000001,,,305,542,847,0,0,,,0,0,0,,,,,,,,,,,,,2026-06-19 21:31:51.174 -0300,2026-06-19 21:31:51.174 -0300,0.0
9078,,"5353401","5353401",2026-06-18,Sorocaba,"000580",,0.0,0.0,0.0,,5477.67,,,294,352,646,0,0,,,0,0,0,,,,,,,,,,,,,2026-06-19 21:31:51.174 -0300,2026-06-19 21:31:51.174 -0300,0.0
9071,,"5353394","5353394",2026-06-18,Sorocaba,"000573",,0.0,0.0,0.0,,4465.781666666667,,,289,330,618,0,0,,,0,0,0,,,,,,,,,,,,,2026-06-19 21:31:51.174 -0300,2026-06-19 21:31:51.174 -0300,0.0
9026,,"5353249","5353249",2026-06-17,Sorocaba,"005000",,0.0,0.0,0.0,,63460.80000000003,,,,28080,28080,0,0,,,0,0,0,,,,,,,,,,,,,2026-06-19 21:31:51.174 -0300,2026-06-19 21:31:51.174 -0300,0.0
9068,,"5353391","5353391",2026-06-18,Sorocaba,"000527",,0.0,0.0,0.0,,11812.32,,,1536,450,1986,0,0,,,0,0,0,,,,,,,,,,,,,2026-06-19 21:31:51.174 -0300,2026-06-19 21:31:51.174 -0300,0.0
8963,,"5353157","5353157",2026-06-17,Sorocaba,"006935",,0.0,0.0,0.0,,7801.32,,,427,551,978,0,0,,,0,0,0,,,,,,,,,,,,,2026-06-19 21:31:51.174 -0300,2026-06-19 21:31:51.174 -0300,0.0
9066,,"5353389","5353389",2026-06-18,Sorocaba,"004107",,0.0,0.0,0.0,,7104.9400000000005,,,678,268,946,0,0,,,0,0,0,,,,,,,,,,,,,2026-06-19 21:31:51.174 -0300,2026-06-19 21:31:51.174 -0300,0.0
9073,,"5353396","5353396",2026-06-18,Sorocaba,"000574",,0.0,0.0,0.0,,1263.9800000000002,,,28,188,216,0,0,,,0,0,0,,,,,,,,,,,,,2026-06-19 21:31:51.174 -0300,2026-06-19 21:31:51.174 -0300,0.0
8965,,"5353159","5353159",2026-06-17,Sorocaba,"009925",,0.0,0.0,0.0,,4843.91,,,308,228,536,0,0,,,0,0,0,,,,,,,,,,,,,2026-06-19 21:31:51.174 -0300,2026-06-19 21:31:51.174 -0300,0.0
9076,,"5353399","5353399",2026-06-18,Sorocaba,"000578",,0.0,0.0,0.0,,2893.281666666667,,,100,414,508,0,0,,,0,0,0,,,,,,,,,,,,,2026-06-19 21:31:51.174 -0300,2026-06-19 21:31:51.174 -0300,0.0
9067,,"5353390","5353390",2026-06-18,Sorocaba,"004213",,0.0,0.0,0.0,,6218.11,,,293,841,1134,0,0,,,0,0,0,,,,,,,,,,,,,2026-06-19 21:31:51.174 -0300,2026-06-19 21:31:51.174 -0300,0.0
9069,,"5353392","5353392",2026-06-18,Sorocaba,"000556",,0.0,0.0,0.0,,7956.830000000001,,,476,471,947,0,0,,,0,0,0,,,,,,,,,,,,,2026-06-19 21:31:51.174 -0300,2026-06-19 21:31:51.174 -0300,0.0
8966,,"5353161","5353161",2026-06-17,Sorocaba,"003405",,0.0,0.0,0.0,,5816.0650000000005,,,286,695,980,0,0,,,0,0,0,,,,,,,,,,,,,2026-06-19 21:31:51.174 -0300,2026-06-19 21:31:51.174 -0300,0.0
9072,,"5353395","5353395",2026-06-18,Sorocaba,"000574",,0.0,0.0,0.0,,3888.088333333333,,,186,285,466,0,0,,,0,0,0,,,,,,,,,,,,,2026-06-19 21:31:51.174 -0300,2026-06-19 21:31:51.174 -0300,0.0
9070,,"5353393","5353393",2026-06-18,Sorocaba,"000565",,0.0,0.0,0.0,,2577.7200000000003,,,150,207,357,0,0,,,0,0,0,,,,,,,,,,,,,2026-06-19 21:31:51.174 -0300,2026-06-19 21:31:51.174 -0300,0.0
8973,,"5353168","5353168",2026-06-17,Sorocaba,"007157",,0.0,0.0,0.0,,6553.27,,,394,401,795,0,0,,,0,0,0,,,,,,,,,,,,,2026-06-19 21:31:51.174 -0300,2026-06-19 21:31:51.174 -0300,0.0
8969,,"5353164","5353164",2026-06-17,Sorocaba,"005064",,0.0,0.0,0.0,,3856.5799999999995,,,131,464,595,0,0,,,0,0,0,,,,,,,,,,,,,2026-06-19 21:31:51.174 -0300,2026-06-19 21:31:51.174 -0300,0.0
9084,,"5353407","5353407",2026-06-18,Sorocaba,"000596",,0.0,0.0,0.0,,4164.891666666668,,,224,331,551,0,0,,,0,0,0,,,,,,,,,,,,,2026-06-19 21:31:51.174 -0300,2026-06-19 21:31:51.174 -0300,0.0
8971,,"5353166","5353166",2026-06-17,Sorocaba,"006495",,0.0,0.0,0.0,,6157.473333333333,,,414,287,699,0,0,,,0,0,0,,,,,,,,,,,,,2026-06-19 21:31:51.174 -0300,2026-06-19 21:31:51.174 -0300,0.0
9075,,"5353398","5353398",2026-06-18,Sorocaba,"000577",,0.0,0.0,0.0,,4991.825000000001,,,91,1319,1409,0,0,,,0,0,0,,,,,,,,,,,,,2026-06-19 21:31:51.174 -0300,2026-06-19 21:31:51.174 -0300,0.0
9080,,"5353403","5353403",2026-06-18,Sorocaba,"000583",,0.0,0.0,0.0,,6851.92,,,266,439,705,0,0,,,0,0,0,,,,,,,,,,,,,2026-06-19 21:31:51.174 -0300,2026-06-19 21:31:51.174 -0300,0.0
9077,,"5353400","5353400",2026-06-18,Sorocaba,"000579",,0.0,0.0,0.0,,9340.836666666668,,,505,1033,1534,0,0,,,0,0,0,,,,,,,,,,,,,2026-06-19 21:31:51.174 -0300,2026-06-19 21:31:51.174 -0300,0.0
9082,,"5353405","5353405",2026-06-18,Sorocaba,"000594",,0.0,0.0,0.0,,5078.4366666666665,,,296,346,641,0,0,,,0,0,0,,,,,,,,,,,,,2026-06-19 21:31:51.174 -0300,2026-06-19 21:31:51.174 -0300,0.0
9081,,"5353404","5353404",2026-06-18,Sorocaba,"000593",,0.0,0.0,0.0,,3743.8,,,239,199,438,0,0,,,0,0,0,,,,,,,,,,,,,2026-06-19 21:31:51.174 -0300,2026-06-19 21:31:51.174 -0300,0.0
8967,,"5353162","5353162",2026-06-17,Sorocaba,"003405",,0.0,0.0,0.0,,598.96,,,15,86,101,0,0,,,0,0,0,,,,,,,,,,,,,2026-06-19 21:31:51.174 -0300,2026-06-19 21:31:51.174 -0300,0.0
8970,,"5353165","5353165",2026-06-17,Sorocaba,"005140",,0.0,0.0,0.0,,9047.76,,,545,777,1322,0,0,,,0,0,0,,,,,,,,,,,,,2026-06-19 21:31:51.174 -0300,2026-06-19 21:31:51.174 -0300,0.0
9083,,"5353406","5353406",2026-06-18,Sorocaba,"000595",,0.0,0.0,0.0,,4925.798333333333,,,311,436,744,0,0,,,0,0,0,,,,,,,,,,,,,2026-06-19 21:31:51.174 -0300,2026-06-19 21:31:51.174 -0300,0.0
8974,,"5353169","5353169",2026-06-17,Sorocaba,"009924",,0.0,0.0,0.0,,7163.49,,,607,533,1140,0,0,,,0,0,0,,,,,,,,,,,,,2026-06-19 21:31:51.174 -0300,2026-06-19 21:31:51.174 -0300,0.0
8968,,"5353163","5353163",2026-06-17,Sorocaba,"004925",,0.0,0.0,0.0,,9022.736666666666,,,603,610,1212,0,0,,,0,0,0,,,,,,,,,,,,,2026-06-19 21:31:51.174 -0300,2026-06-19 21:31:51.174 -0300,0.0
9079,,"5353402","5353402",2026-06-18,Sorocaba,"000582",,0.0,0.0,0.0,,2674.3933333333334,,,143,219,359,0,0,,,0,0,0,,,,,,,,,,,,,2026-06-19 21:31:51.174 -0300,2026-06-19 21:31:51.174 -0300,0.0
8976,,"5353171","5353171",2026-06-17,Sorocaba,"005140",,0.0,0.0,0.0,,14.079999999999998,,,,5,5,0,0,,,0,0,0,,,,,,,,,,,,,2026-06-19 21:31:51.174 -0300,2026-06-19 21:31:51.174 -0300,0.0
8972,,"5353167","5353167",2026-06-17,Sorocaba,"006975",,0.0,0.0,0.0,,7142.85,,,387,635,1022,0,0,,,0,0,0,,,,,,,,,,,,,2026-06-19 21:31:51.174 -0300,2026-06-19 21:31:51.174 -0300,0.0
9085,,"5353408","5353408",2026-06-18,Sorocaba,"000575",,0.0,0.0,0.0,,1358.54,,,50,129,178,0,0,,,0,0,0,,,,,,,,,,,,,2026-06-19 21:31:51.174 -0300,2026-06-19 21:31:51.174 -0300,0.0
8975,,"5353170","5353170",2026-06-17,Sorocaba,"003405",,0.0,0.0,0.0,,64.99000000000001,,,3,11,14,0,0,,,0,0,0,,,,,,,,,,,,,2026-06-19 21:31:51.174 -0300,2026-06-19 21:31:51.174 -0300,0.0
9089,,"5353435","5353435",2026-06-18,Sorocaba,"004019",,0.0,0.0,0.0,,3465.4799999999996,,,256,127,383,0,0,,,0,0,0,,,,,,,,,,,,,2026-06-19 21:31:51.174 -0300,2026-06-19 21:31:51.174 -0300,0.0
9086,,"5353432","5353432",2026-06-18,Sorocaba,"004005",,0.0,0.0,0.0,,4444.47,,,288,195,483,0,0,,,0,0,0,,,,,,,,,,,,,2026-06-19 21:31:51.174 -0300,2026-06-19 21:31:51.174 -0300,0.0
9095,,"5353441","5353441",2026-06-18,Sorocaba,"000608",,0.0,0.0,0.0,,7104.9400000000005,,,678,268,946,0,0,,,0,0,0,,,,,,,,,,,,,2026-06-19 21:31:51.174 -0300,2026-06-19 21:31:51.174 -0300,0.0
9087,,"5353433","5353433",2026-06-18,Sorocaba,"004007",,0.0,0.0,0.0,,4442.339999999999,,,303,443,746,0,0,,,0,0,0,,,,,,,,,,,,,2026-06-19 21:31:51.174 -0300,2026-06-19 21:31:51.174 -0300,0.0
9090,,"5353436","5353436",2026-06-18,Sorocaba,"004023",,0.0,0.0,0.0,,4456.25,,,200,650,850,0,0,,,0,0,0,,,,,,,,,,,,,2026-06-19 21:31:51.174 -0300,2026-06-19 21:31:51.174 -0300,0.0
9093,,"5353439","5353439",2026-06-18,Sorocaba,"005005",,0.0,0.0,0.0,,26067.600000000013,,,600,5760,6360,0,0,,,0,0,0,,,,,,,,,,,,,2026-06-19 21:31:51.174 -0300,2026-06-19 21:31:51.174 -0300,0.0
9092,,"5353438","5353438",2026-06-18,Sorocaba,"005002",,0.0,0.0,0.0,,23415.649999999998,,,1162,2516,3678,0,0,,,0,0,0,,,,,,,,,,,,,2026-06-19 21:31:51.174 -0300,2026-06-19 21:31:51.174 -0300,0.0
9088,,"5353434","5353434",2026-06-18,Sorocaba,"004014",,0.0,0.0,0.0,,4596.59,,,311,214,525,0,0,,,0,0,0,,,,,,,,,,,,,2026-06-19 21:31:51.174 -0300,2026-06-19 21:31:51.174 -0300,0.0
9094,,"5353440","5353440",2026-06-18,Sorocaba,"005005",,0.0,0.0,0.0,,34086.0,,,2600,,2600,0,0,,,0,0,0,,,,,,,,,,,,,2026-06-19 21:31:51.174 -0300,2026-06-19 21:31:51.174 -0300,0.0
8982,,"5353190","5353190",2026-06-17,Sorocaba,"000528",,0.0,0.0,0.0,,5158.97,,,356,291,647,0,0,,,0,0,0,,,,,,,,,,,,,2026-06-19 21:31:51.174 -0300,2026-06-19 21:31:51.174 -0300,0.0
8986,,"5353194","5353194",2026-06-17,Sorocaba,"000556",,0.0,0.0,0.0,,3232.6200000000003,,,77,526,603,0,0,,,0,0,0,,,,,,,,,,,,,2026-06-19 21:31:51.174 -0300,2026-06-19 21:31:51.174 -0300,0.0
8987,,"5353195","5353195",2026-06-17,Sorocaba,"000559",,0.0,0.0,0.0,,5596.268333333333,,,323,261,583,0,0,,,0,0,0,,,,,,,,,,,,,2026-06-19 21:31:51.174 -0300,2026-06-19 21:31:51.174 -0300,0.0
8983,,"5353191","5353191",2026-06-17,Sorocaba,"000528",,0.0,0.0,0.0,,1986.7600000000002,,,64,139,203,0,0,,,0,0,0,,,,,,,,,,,,,2026-06-19 21:31:51.174 -0300,2026-06-19 21:31:51.174 -0300,0.0
8988,,"5353196","5353196",2026-06-17,Sorocaba,"000564",,0.0,0.0,0.0,,3188.4199999999996,,,165,241,402,0,0,,,0,0,0,,,,,,,,,,,,,2026-06-19 21:31:51.174 -0300,2026-06-19 21:31:51.174 -0300,0.0
9098,,"5353445","5353445",2026-06-18,Sorocaba,"000621",,0.0,0.0,0.0,,4535.73,,,279,474,753,0,0,,,0,0,0,,,,,,,,,,,,,2026-06-19 21:31:51.174 -0300,2026-06-19 21:31:51.174 -0300,0.0
9107,,"5353454","5353454",2026-06-18,Sorocaba,"000712",,0.0,0.0,0.0,,27195.36,,,4800,1008,5808,0,0,,,0,0,0,,,,,,,,,,,,,2026-06-19 21:31:51.174 -0300,2026-06-19 21:31:51.174 -0300,0.0
8984,,"5353192","5353192",2026-06-17,Sorocaba,"000548",,0.0,0.0,0.0,,8992.1,,,862,398,1260,0,0,,,0,0,0,,,,,,,,,,,,,2026-06-19 21:31:51.174 -0300,2026-06-19 21:31:51.174 -0300,0.0
9103,,"5353450","5353450",2026-06-18,Sorocaba,"000632",,0.0,0.0,0.0,,18084.999999999996,,,600,3650,4250,0,0,,,0,0,0,,,,,,,,,,,,,2026-06-19 21:31:51.174 -0300,2026-06-19 21:31:51.174 -0300,0.0
9096,,"5353443","5353443",2026-06-18,Sorocaba,"000620",,0.0,0.0,0.0,,18354.0,,,1400,,1400,0,0,,,0,0,0,,,,,,,,,,,,,2026-06-19 21:31:51.174 -0300,2026-06-19 21:31:51.174 -0300,0.0
9102,,"5353449","5353449",2026-06-18,Sorocaba,"000623",,0.0,0.0,0.0,,4189.97,,,283,190,473,0,0,,,0,0,0,,,,,,,,,,,,,2026-06-19 21:31:51.174 -0300,2026-06-19 21:31:51.174 -0300,0.0
8985,,"5353193","5353193",2026-06-17,Sorocaba,"000554",,0.0,0.0,0.0,,6478.63,,,217,911,1128,0,0,,,0,0,0,,,,,,,,,,,,,2026-06-19 21:31:51.174 -0300,2026-06-19 21:31:51.174 -0300,0.0
9097,,"5353444","5353444",2026-06-18,Sorocaba,"000620",,0.0,0.0,0.0,,2837.19,,,182,148,330,0,0,,,0,0,0,,,,,,,,,,,,,2026-06-19 21:31:51.174 -0300,2026-06-19 21:31:51.174 -0300,0.0
9108,,"5353455","5353455",2026-06-18,Sorocaba,"000712",,0.0,0.0,0.0,,32439.360000000008,,,2000,1008,3008,0,0,,,0,0,0,,,,,,,,,,,,,2026-06-19 21:31:51.174 -0300,2026-06-19 21:31:51.174 -0300,0.0
9105,,"5353452","5353452",2026-06-18,Sorocaba,"000639",,0.0,0.0,0.0,,8848.279999999999,,,356,1278,1634,0,0,,,0,0,0,,,,,,,,,,,,,2026-06-19 21:31:51.174 -0300,2026-06-19 21:31:51.174 -0300,0.0
8990,,"5353198","5353198",2026-06-17,Sorocaba,"000573",,0.0,0.0,0.0,,6010.259999999999,,,397,451,848,0,0,,,0,0,0,,,,,,,,,,,,,2026-06-19 21:31:51.174 -0300,2026-06-19 21:31:51.174 -0300,0.0
8996,,"5353204","5353204",2026-06-17,Sorocaba,"000593",,0.0,0.0,0.0,,2617.2,,,145,353,498,0,0,,,0,0,0,,,,,,,,,,,,,2026-06-19 21:31:51.174 -0300,2026-06-19 21:31:51.174 -0300,0.0
9100,,"5353447","5353447",2026-06-18,Sorocaba,"000622",,0.0,0.0,0.0,,6095.089999999999,,,515,435,950,0,0,,,0,0,0,,,,,,,,,,,,,2026-06-19 21:31:51.174 -0300,2026-06-19 21:31:51.174 -0300,0.0
8992,,"5353200","5353200",2026-06-17,Sorocaba,"000578",,0.0,0.0,0.0,,4808.64,,,251,335,586,0,0,,,0,0,0,,,,,,,,,,,,,2026-06-19 21:31:51.174 -0300,2026-06-19 21:31:51.174 -0300,0.0
9106,,"5353453","5353453",2026-06-18,Sorocaba,"000639",,0.0,0.0,0.0,,3607.8200000000006,,,181,340,521,0,0,,,0,0,0,,,,,,,,,,,,,2026-06-19 21:31:51.174 -0300,2026-06-19 21:31:51.174 -0300,0.0
8998,,"5353206","5353206",2026-06-17,Sorocaba,"000595",,0.0,0.0,0.0,,4103.393333333333,,,156,517,669,0,0,,,0,0,0,,,,,,,,,,,,,2026-06-19 21:31:51.174 -0300,2026-06-19 21:31:51.174 -0300,0.0
9099,,"5353446","5353446",2026-06-18,Sorocaba,"000622",,0.0,0.0,0.0,,6979.000000000001,,,700,,700,0,0,,,0,0,0,,,,,,,,,,,,,2026-06-19 21:31:51.174 -0300,2026-06-19 21:31:51.174 -0300,0.0
8994,,"5353202","5353202",2026-06-17,Sorocaba,"000582",,0.0,0.0,0.0,,1903.5304166666667,,,47,253,299,0,0,,,0,0,0,,,,,,,,,,,,,2026-06-19 21:31:51.174 -0300,2026-06-19 21:31:51.174 -0300,0.0
8999,,"5353207","5353207",2026-06-17,Sorocaba,"000596",,0.0,0.0,0.0,,4187.55,,,272,219,491,0,0,,,0,0,0,,,,,,,,,,,,,2026-06-19 21:31:51.174 -0300,2026-06-19 21:31:51.174 -0300,0.0
9101,,"5353448","5353448",2026-06-18,Sorocaba,"000623",,0.0,0.0,0.0,,8794.4,,,547,612,1159,0,0,,,0,0,0,,,,,,,,,,,,,2026-06-19 21:31:51.174 -0300,2026-06-19 21:31:51.174 -0300,0.0
8997,,"5353205","5353205",2026-06-17,Sorocaba,"000594",,0.0,0.0,0.0,,3235.6550000000007,,,106,334,439,0,0,,,0,0,0,,,,,,,,,,,,,2026-06-19 21:31:51.174 -0300,2026-06-19 21:31:51.174 -0300,0.0
